device_type,device_name,action_type,action_value,start_time,end_time
Camera,camera_SaintEx,open,{},2025-02-23 01:56:24.742,2025-02-23 13:53:34.312
Camera,camera_SaintEx,flats,"{'filter': [""r'"", 'I+z'], 'n': [10, 10]}",2025-02-23 01:57:24.742,2025-02-23 02:10:20.024
Camera,camera_SaintEx,object,"{'object': 'Sp0829+2646', 'filter': ""r'"", 'ra': 127.45506249999998, 'dec': 26.776006944444443, 'exptime': 65, 'guiding': True, 'pointing': False}",2025-02-23 02:11:20.024,2025-02-23 07:51:00.024
Camera,camera_SaintEx,object,"{'object': 'Sp1253+4034', 'filter': 'I+z', 'ra': 193.3021083333333, 'dec': 40.56741305555556, 'exptime': 80, 'guiding': True, 'pointing': False}",2025-02-23 07:52:40.037,2025-02-23 13:40:00.037
Camera,camera_SaintEx,flats,"{'filter': ['I+z', ""r'""], 'n': [10, 10]}",2025-02-23 13:41:00.037,2025-02-23 13:53:34.312
Camera,camera_SaintEx,close,{},2025-02-23 13:54:34.312,2025-02-23 13:58:34.312
Camera,camera_SaintEx,calibration,"{'exptime': [0, 15, 30, 60, 65, 80, 120], 'n': [10, 10, 10, 10, 10, 10, 10]}",2025-02-23 13:59:34.312,2025-02-23 14:48:34.312
