device_type,device_name,action_type,action_value,start_time,end_time
Camera,camera_SaintEx,open,{},2024-11-22 01:01:54.100,2024-11-22 13:54:40.871
Camera,camera_SaintEx,flats,"{'filter': ['I+z'], 'n': [20]}",2024-11-22 01:02:54.100,2024-11-22 01:18:20.022
Camera,camera_SaintEx,object,"{'object': 'Sp0225+6229', 'filter': 'I+z', 'ra': 36.36090416666666, 'dec': 62.49946194444445, 'exptime': 70, 'guiding': True, 'pointing': False}",2024-11-22 01:19:20.022,2024-11-22 07:24:20.022
Camera,camera_SaintEx,object,"{'object': 'Sp0714+3702', 'filter': 'I+z', 'ra': 108.516325, 'dec': 37.046119999999995, 'exptime': 83, 'guiding': True, 'pointing': False}",2024-11-22 07:25:40.022,2024-11-22 13:38:40.022
Camera,camera_SaintEx,flats,"{'filter': ['I+z'], 'n': [20]}",2024-11-22 13:39:40.022,2024-11-22 13:54:40.871
Camera,camera_SaintEx,close,{},2024-11-22 13:55:40.871,2024-11-22 13:59:40.871
Camera,camera_SaintEx,calibration,"{'exptime': [0, 15, 30, 60, 70, 83, 120], 'n': [10, 10, 10, 10, 10, 10, 10]}",2024-11-22 14:00:40.871,2024-11-22 14:49:40.871
