0.4010000000000001,5.583068608122771e-08
0.4020000000000001,8.253758347690062e-07
0.4030000000000001,1.5685878700021726e-06
0.4040000000000001,1.0810557320136976e-06
0.4050000000000001,1.3389794914156743e-06
0.4060000000000001,6.900871635198001e-07
0.4070000000000001,2.2511807127298687e-07
0.4080000000000001,6.209864906203437e-07
0.4090000000000001,3.354441491441722e-07
0.4100000000000001,3.612637246552457e-07
0.4110000000000001,6.957771443667941e-07
0.4120000000000001,4.002753291623622e-07
0.4130000000000001,4.379179729223054e-07
0.4140000000000001,3.8682815915461323e-07
0.4150000000000001,3.416839930246861e-08
0.4160000000000001,6.971668877307085e-07
0.4170000000000001,4.581080446537768e-07
0.4180000000000001,3.121804998304825e-07
0.4190000000000001,1.5674801400871236e-07
0.4200000000000001,3.329428930962583e-07
0.4210000000000001,1.426389306612448e-08
0.4220000000000001,2.034819247321262e-07
0.4230000000000001,1.7761062453679072e-07
0.4240000000000001,4.947077804503181e-07
0.4250000000000001,5.943128673554144e-07
0.4260000000000001,8.24914056613779e-07
0.4270000000000001,6.951608411248797e-07
0.4280000000000001,8.087121207697802e-07
0.4290000000000001,2.017723981877123e-08
0.4300000000000001,3.946329073607455e-07
0.4310000000000001,4.7426732203159316e-07
0.4320000000000001,8.589023458026527e-07
0.4330000000000001,7.787029323508696e-07
0.4340000000000001,5.73627106969205e-07
0.4350000000000001,6.351255787594177e-07
0.4360000000000001,5.516494352762713e-07
0.4370000000000001,5.373658123577763e-07
0.4380000000000001,1.2422518040135985e-06
0.4390000000000001,5.313411208473131e-07
0.4400000000000001,4.267206864549346e-07
0.4410000000000001,7.740321038616452e-07
0.4420000000000001,6.36142349017422e-07
0.4430000000000001,2.755795438711145e-07
0.4440000000000001,2.9153125337082325e-07
0.4450000000000001,2.6915379291814786e-07
0.4460000000000001,5.689758553119589e-07
0.4470000000000001,6.779648424944889e-07
0.4480000000000001,9.350610155962948e-08
0.4490000000000001,5.148573638520408e-07
0.4500000000000001,6.20220990790327e-07
0.4510000000000001,4.0895622923450886e-07
0.4520000000000001,5.639599648527275e-07
0.4530000000000001,5.729716469348946e-07
0.4540000000000001,7.021441760260483e-07
0.4550000000000001,6.288253226147785e-07
0.4560000000000001,6.69751011478869e-07
0.45700000000000013,9.496629103195155e-07
0.45800000000000013,8.391826195420016e-07
0.45900000000000013,1.1658785350789878e-06
0.46000000000000013,6.741321941514138e-07
0.46100000000000013,4.638630485778467e-07
0.46200000000000013,4.19761756693217e-07
0.46300000000000013,8.272370429017084e-07
0.46400000000000013,8.298651442952526e-07
0.46500000000000014,5.95107363793862e-07
0.46600000000000014,5.024212601351518e-07
0.46700000000000014,3.25542149427869e-07
0.46800000000000014,7.746105872246211e-07
0.46900000000000014,8.507581149165824e-07
0.47000000000000014,9.472122427763866e-07
0.47100000000000014,1.0968734308097665e-06
0.47200000000000014,8.453110539705397e-07
0.47300000000000014,6.873632114349287e-07
0.47400000000000014,5.212412154788965e-07
0.47500000000000014,3.384124437107824e-07
0.47600000000000015,6.952294249722258e-07
0.47700000000000015,6.933142613247335e-07
0.47800000000000015,7.30106380948965e-07
0.47900000000000015,9.777701334851656e-07
0.48000000000000015,1.161349197464307e-06
0.48100000000000015,1.2712964716499597e-06
0.48200000000000015,7.948287883255148e-07
0.48300000000000015,6.462916204667249e-07
0.48400000000000015,5.498970388248081e-07
0.48500000000000015,1.7462911318297847e-07
0.48600000000000015,2.39742363456348e-07
0.48700000000000015,2.6996253227651744e-07
0.48800000000000016,7.835646048968648e-08
0.48900000000000016,2.810227838350182e-07
0.49000000000000016,6.776345991946649e-07
0.49100000000000016,8.738730790975657e-07
0.49200000000000016,7.506990944711027e-07
0.49300000000000016,1.0413316782880228e-06
0.49400000000000016,8.787049752263879e-07
0.49500000000000016,1.190047242772312e-06
0.49600000000000016,9.625370349813971e-07
0.49700000000000016,1.1580081855212716e-06
0.49800000000000016,1.043183277703153e-06
0.49900000000000017,6.558622302869497e-07
0.5000000000000002,3.3225802738072625e-07
0.5010000000000001,1.262569244945447e-07
0.5020000000000002,7.119155783923209e-07
0.5030000000000001,6.879656038435489e-07
0.5040000000000002,6.708287358082123e-07
0.5050000000000001,7.10330914364253e-07
0.5060000000000002,4.3231676197946173e-07
0.5070000000000001,5.20597496065031e-07
0.5080000000000002,7.60554654916512e-07
0.5090000000000001,4.909618765101276e-07
0.5100000000000002,3.7576637549208995e-07
0.5110000000000001,6.339011851701729e-07
0.5120000000000002,8.008601724821616e-07
0.5130000000000001,7.645106448521216e-07
0.5140000000000002,7.668830356178747e-07
0.5150000000000001,9.071244141975082e-07
0.5160000000000002,9.572449716969545e-07
0.5170000000000001,9.539172938208165e-07
0.5180000000000002,9.694359128869928e-07
0.5190000000000001,1.1828492803975464e-06
0.5200000000000002,1.0347198894858118e-06
0.5210000000000001,8.449313507622512e-07
0.5220000000000002,8.547645531645822e-07
0.5230000000000001,8.747984208760923e-07
0.5240000000000002,1.0085738811009492e-06
0.5250000000000001,1.0138375737145682e-06
0.5260000000000002,9.524268054097477e-07
0.5270000000000001,9.241503230562147e-07
0.5280000000000002,9.799590113286289e-07
0.5290000000000001,7.657681333254603e-07
0.5300000000000002,7.885012008346589e-07
0.5310000000000001,9.565807442232856e-07
0.5320000000000003,9.518862847900371e-07
0.5330000000000001,8.257472336658602e-07
0.5340000000000003,7.47881451780325e-07
0.5350000000000001,9.869578018110927e-07
0.5360000000000003,1.0928213215967213e-06
0.5370000000000001,8.254169298293071e-07
0.5380000000000003,5.045727847790841e-07
0.5390000000000001,4.7156747415223673e-07
0.5400000000000003,6.120258700143741e-07
0.5410000000000001,7.1846734426087e-07
0.5420000000000003,9.860126756209828e-07
0.5430000000000001,1.0387613036322057e-06
0.5440000000000003,9.505845763223168e-07
0.5450000000000002,8.268771901144812e-07
0.5460000000000003,8.145221266173766e-07
0.5470000000000002,9.467747844840568e-07
0.5480000000000003,9.746298311376903e-07
0.5490000000000002,5.00718400597692e-07
0.5500000000000003,9.191572505286826e-07
0.5510000000000002,1.3614819888789194e-06
0.5520000000000003,1.167675615369518e-06
0.5530000000000002,1.247738203445435e-06
0.5540000000000003,1.1797541141915886e-06
0.5550000000000002,8.422342164547522e-07
0.5560000000000003,7.589915507007849e-07
0.5570000000000002,9.7910616151911e-07
0.5580000000000003,9.766568700568121e-07
0.5590000000000002,1.0123587731478457e-06
0.5600000000000003,9.674365376780502e-07
0.5610000000000002,9.074281803974122e-07
0.5620000000000003,8.957716640018388e-07
0.5630000000000002,1.2122912324913259e-06
0.5640000000000003,1.1663534558234308e-06
0.5650000000000002,1.016272993107911e-06
0.5660000000000003,1.0263520108119004e-06
0.5670000000000002,6.094036804306898e-07
0.5680000000000003,1.0299313354660506e-06
0.5690000000000002,1.2301399305400253e-06
0.5700000000000003,8.508912666934183e-07
0.5710000000000002,9.358896003948496e-07
0.5720000000000003,8.766543017015664e-07
0.5730000000000002,8.777537913936462e-07
0.5740000000000003,8.303342921958637e-07
0.5750000000000002,6.770552901655656e-07
0.5760000000000003,7.115436518538604e-07
0.5770000000000002,7.243754455197866e-07
0.5780000000000003,8.156277175803565e-07
0.5790000000000002,7.382503679641799e-07
0.5800000000000003,5.865847810793801e-07
0.5810000000000002,8.965029894817524e-07
0.5820000000000003,7.450505061352917e-07
0.5830000000000002,1.0219370050045918e-06
0.5840000000000003,1.2613943582681342e-06
0.5850000000000002,9.562636820202206e-07
0.5860000000000003,1.0050667827248395e-06
0.5870000000000002,1.038831260092877e-06
0.5880000000000003,1.0103645848852534e-06
0.5890000000000002,9.498751915642583e-07
0.5900000000000003,1.237383883748023e-06
0.5910000000000002,1.342791624367107e-06
0.5920000000000003,1.2623027895714758e-06
0.5930000000000002,1.3244914274267207e-06
0.5940000000000003,1.1394368355041758e-06
0.5950000000000002,9.88206742344982e-07
0.5960000000000003,1.246739302599527e-06
0.5970000000000002,8.262029086093997e-07
0.5980000000000003,1.1978122935457637e-06
0.5990000000000002,1.1180556335662983e-06
0.6000000000000003,9.243035511182317e-07
0.6010000000000002,8.5650700110159e-07
0.6020000000000003,9.69689296577496e-07
0.6030000000000002,1.0714719384410518e-06
0.6040000000000003,1.0938525821504724e-06
0.6050000000000002,9.972329721066998e-07
0.6060000000000003,9.653952665144892e-07
0.6070000000000002,1.1411290037017022e-06
0.6080000000000003,9.00178040018504e-07
0.6090000000000002,8.426241650213417e-07
0.6100000000000003,6.795930154348509e-07
0.6110000000000002,7.089087776022801e-07
0.6120000000000003,1.006067507392832e-06
0.6130000000000002,1.1734384593962769e-06
0.6140000000000003,6.362747303003409e-07
0.6150000000000002,7.667376640450226e-07
0.6160000000000003,1.0364858661290793e-06
0.6170000000000002,8.450775638757282e-07
0.6180000000000003,9.98466666465442e-07
0.6190000000000002,7.914666016806982e-07
0.6200000000000003,4.833347215932417e-07
0.6210000000000002,6.918163252523644e-07
0.6220000000000003,8.673785521701741e-07
0.6230000000000002,7.130690936903144e-07
0.6240000000000003,6.021157618573843e-07
0.6250000000000002,9.080352896385444e-07
0.6260000000000003,3.7279454898209227e-07
0.6270000000000002,4.107011717102523e-07
0.6280000000000003,3.96140139258775e-07
0.6290000000000002,4.9285579850867753e-08
0.6300000000000003,1.079859620065338e-06
0.6310000000000002,8.818334118628113e-07
0.6320000000000003,1.169635678851351e-06
0.6330000000000002,1.3407642874778552e-06
0.6340000000000003,1.000198631902963e-06
0.6350000000000002,9.874914419549384e-07
0.6360000000000003,9.904738224784173e-07
0.6370000000000002,8.269957494253489e-07
0.6380000000000003,1.0245683921410789e-06
0.6390000000000002,1.0579962591589137e-06
0.6400000000000003,5.212518022643589e-07
0.6410000000000002,3.3799491840796195e-07
0.6420000000000003,1.038922376391903e-06
0.6430000000000002,1.432033185424193e-06
0.6440000000000003,9.04738861723046e-07
0.6450000000000002,9.6933070673452e-07
0.6460000000000004,1.6255659900516102e-06
0.6470000000000002,1.243877264133068e-06
0.6480000000000004,1.1151070909266322e-06
0.6490000000000002,1.1600194714643993e-06
0.6500000000000004,1.200339949884705e-06
0.6510000000000002,1.4655762926968078e-06
0.6520000000000004,1.584329369142185e-06
0.6530000000000002,1.658440314646774e-06
0.6540000000000004,1.9761916400532042e-06
0.6550000000000002,3.6023644361170525e-06
0.6560000000000004,3.6083184401729207e-06
0.6570000000000003,3.4942654414693164e-06
0.6580000000000004,4.523667272416546e-06
0.6590000000000003,5.180236841639604e-06
0.6600000000000004,6.42104279945884e-06
0.6610000000000003,7.15316641826584e-06
0.6620000000000004,8.167501258621685e-06
0.6630000000000003,8.995210927921892e-06
0.6640000000000004,9.483287630289273e-06
0.6650000000000003,1.122542892960296e-05
0.6660000000000004,1.267868850761896e-05
0.6670000000000003,1.3798941018862268e-05
0.6680000000000004,1.5249863246267231e-05
0.6690000000000003,1.7569525059055364e-05
0.6700000000000004,1.843281842753326e-05
0.6710000000000003,1.9266885299583315e-05
0.6720000000000004,2.0341226866550598e-05
0.6730000000000003,2.123514731640992e-05
0.6740000000000004,2.2656608750168724e-05
0.6750000000000003,2.297071535149968e-05
0.6760000000000004,2.4821298075915697e-05
0.6770000000000003,2.5741530284252957e-05
0.6780000000000004,2.5922029016881017e-05
0.6790000000000003,2.6368999099457882e-05
0.6800000000000004,2.7596460361749543e-05
0.6810000000000003,2.9308088806744305e-05
0.6820000000000004,3.0200270318702886e-05
0.6830000000000003,3.186550146801689e-05
0.6840000000000004,3.385984349145038e-05
0.6850000000000003,3.478893885052467e-05
0.6860000000000004,3.649762510293036e-05
0.6870000000000003,3.7109326053583465e-05
0.6880000000000004,3.910544671748244e-05
0.6890000000000003,4.004624615214827e-05
0.6900000000000004,4.029231592008322e-05
0.6910000000000003,4.2307638285467103e-05
0.6920000000000004,4.1570101616000204e-05
0.6930000000000003,4.0724697639771925e-05
0.6940000000000004,4.0128994719586085e-05
0.6950000000000003,3.924524717600253e-05
0.6960000000000004,3.809204390900736e-05
0.6970000000000003,3.756967968142541e-05
0.6980000000000004,3.636027261030487e-05
0.6990000000000003,3.4864468257954056e-05
0.7000000000000004,3.398094899775686e-05
0.7010000000000003,3.337026759452163e-05
0.7020000000000004,3.227841169910228e-05
0.7030000000000003,3.226025319332576e-05
0.7040000000000004,3.198470005235303e-05
0.7050000000000003,3.170889299294592e-05
0.7060000000000004,3.1203696357939376e-05
0.7070000000000003,3.086803403591019e-05
0.7080000000000004,3.030276089833414e-05
0.7090000000000003,2.9448306114262248e-05
0.7100000000000004,3.0023028345068196e-05
0.7110000000000003,2.8417297856590242e-05
0.7120000000000004,2.7079801112560064e-05
0.7130000000000003,2.5457298745822097e-05
0.7140000000000004,2.382318221475506e-05
0.7150000000000003,2.284947845755172e-05
0.7160000000000004,2.1122947653435093e-05
0.7170000000000003,1.8823267002925577e-05
0.7180000000000004,1.7874337253266867e-05
0.7190000000000003,1.690364590795226e-05
0.7200000000000004,1.615583993050007e-05
0.7210000000000003,1.4207809145355568e-05
0.7220000000000004,1.2492947068789156e-05
0.7230000000000003,1.1411736526557948e-05
0.7240000000000004,1.1133676520804502e-05
0.7250000000000003,9.638568891246412e-06
0.7260000000000004,8.321678873701243e-06
0.7270000000000003,8.287894490652611e-06
0.7280000000000004,7.602861098209867e-06
0.7290000000000003,7.179549524677834e-06
0.7300000000000004,7.180771052511892e-06
0.7310000000000003,5.881713786140939e-06
0.7320000000000004,5.914556329694773e-06
0.7330000000000003,5.560691823522235e-06
0.7340000000000004,5.136695093444091e-06
0.7350000000000003,4.2578763890709984e-06
0.7360000000000004,3.4434400465525646e-06
0.7370000000000003,4.004057968068196e-06
0.7380000000000004,4.152751982379125e-06
0.7390000000000003,4.2703951174257295e-06
0.7400000000000004,3.3934406282435702e-06
0.7410000000000003,3.1613427254308857e-06
0.7420000000000004,2.6711800555828507e-06
0.7430000000000003,1.9599611202906092e-06
0.7440000000000004,2.882858590894712e-06
0.7450000000000003,2.582046786097094e-06
0.7460000000000004,1.799690094661674e-06
0.7470000000000003,1.852781160942211e-06
0.7480000000000004,1.6746491386131659e-06
0.7490000000000003,2.0197595647778795e-06
0.7500000000000004,1.8396513938413412e-06
0.7510000000000003,1.9230513792411467e-06
0.7520000000000004,2.524166735196111e-06
0.7530000000000003,2.1028503786114058e-06
0.7540000000000004,1.704166016451936e-06
0.7550000000000003,1.8341786167071635e-06
0.7560000000000004,7.022990422535674e-07
0.7570000000000003,1.5173570570074508e-06
0.7580000000000005,2.252471277971326e-06
0.7590000000000003,2.2345847455014852e-06
0.7600000000000005,1.8992418564297373e-06
0.7610000000000003,1.9004233890379194e-06
0.7620000000000005,6.451456041452934e-07
0.7630000000000003,1.9027973889427037e-06
0.7640000000000005,2.0458851434947746e-06
0.7650000000000003,2.1046005606306377e-06
0.7660000000000005,2.104494157300125e-06
0.7670000000000003,1.6961140013363517e-06
0.7680000000000005,2.02754330249581e-06
0.7690000000000003,1.1618405001375459e-06
0.7700000000000005,2.525196727144712e-06
0.7710000000000004,2.204425551072687e-06
0.7720000000000005,1.9826272287687205e-06
0.7730000000000004,1.788093396957733e-06
0.7740000000000005,2.7975697304979993e-06
0.7750000000000004,1.7955428084257739e-06
0.7760000000000005,1.3345987510474941e-06
0.7770000000000004,2.0009788962764483e-06
0.7780000000000005,2.4227544329684545e-06
0.7790000000000004,3.1822627956991302e-06
0.7800000000000005,3.154729760624877e-06
0.7810000000000004,2.357341492551738e-06
0.7820000000000005,2.102540151003771e-06
0.7830000000000004,2.331959293301378e-06
0.7840000000000005,2.5075647514701283e-06
0.7850000000000004,1.8841223876728642e-06
0.7860000000000005,1.9137590614633726e-06
0.7870000000000004,1.6017372389286488e-06
0.7880000000000005,9.353489294813709e-07
0.7890000000000004,1.760067695523618e-06
0.7900000000000005,6.830570007313534e-07
0.7910000000000004,2.220298540067197e-06
0.7920000000000005,1.949132406806198e-06
0.7930000000000004,2.043030270887908e-06
0.7940000000000005,1.8993075955347216e-06
0.7950000000000004,1.9131914078717185e-06
0.7960000000000005,2.3080573521849584e-06
0.7970000000000004,2.5440634990417305e-06
0.7980000000000005,2.058295609553299e-06
0.7990000000000004,1.9293128791202767e-06
0.8000000000000005,2.864123641749652e-06
0.8010000000000004,2.1879742688226802e-06
0.8020000000000005,1.4740101074984807e-06
0.8030000000000004,2.0115799304031e-06
0.8040000000000005,2.520878004867616e-06
0.8050000000000004,3.124252815671237e-06
0.8060000000000005,2.9323950800738143e-06
0.8070000000000004,3.1118405448517845e-06
0.8080000000000005,2.9757141831299565e-06
0.8090000000000004,2.4442183385880904e-06
0.8100000000000005,2.8890656572397754e-06
0.8110000000000004,1.8116457644661486e-06
0.8120000000000005,3.2570355446067226e-06
0.8130000000000004,3.671774661914865e-06
0.8140000000000005,4.0687706257019425e-06
0.8150000000000004,3.7004887146459307e-06
0.8160000000000005,3.042446583126673e-06
0.8170000000000004,3.081814789301854e-06
0.8180000000000005,3.179812454527549e-06
0.8190000000000004,2.4699861979642962e-05
0.8200000000000005,8.1543184258228e-05
0.8210000000000004,4.11834878352353e-05
0.8220000000000005,9.596856800218067e-06
0.8230000000000004,4.7255369762679755e-07
0.8240000000000005,1.1573732561003992e-05
0.8250000000000004,3.7277120225090905e-05
0.8260000000000005,4.034174735805828e-05
0.8270000000000004,4.158569814381354e-06
0.8280000000000005,2.397699437154684e-05
0.8290000000000004,2.9453488105434523e-05
0.8300000000000005,2.4278858239038472e-05
0.8310000000000004,3.129648552935643e-05
0.8320000000000005,2.261938653640437e-05
0.8330000000000004,2.5967272215582653e-05
0.8340000000000005,1.5356635357906603e-05
0.8350000000000004,4.638050097223896e-05
0.8360000000000005,7.256457233820199e-06
0.8370000000000004,1.9375539800503826e-05
0.8380000000000005,3.146366195485659e-06
0.8390000000000004,7.173473579393323e-06
0.8400000000000005,4.0363024779073094e-05
0.8410000000000004,4.76896309595512e-05
0.8420000000000005,2.553961576773326e-05
0.8430000000000004,3.8617635258190554e-05
0.8440000000000005,3.233716837996493e-05
0.8450000000000004,1.1122995913154065e-05
0.8460000000000005,2.775847140794533e-05
0.8470000000000004,1.4130674469597503e-05
0.8480000000000005,2.9815226941264387e-05
0.8490000000000004,2.886514057999201e-05
0.8500000000000005,3.23701199126202e-05
0.8510000000000004,3.063927230124161e-05
0.8520000000000005,8.39981286170065e-06
0.8530000000000004,4.176464984056625e-05
0.8540000000000005,4.050136270370122e-05
0.8550000000000004,3.3556197049845125e-05
0.8560000000000005,5.2659251825101724e-05
0.8570000000000004,4.402204524936968e-05
0.8580000000000005,5.682676645736792e-05
0.8590000000000004,4.727442587419056e-05
0.8600000000000005,2.5612000136668476e-05
0.8610000000000004,6.238276461362205e-06
0.8620000000000005,2.4897357910582746e-06
0.8630000000000004,6.973183540389721e-06
0.8640000000000005,3.36832638077496e-05
0.8650000000000004,1.5440571529851604e-05
0.8660000000000005,1.119677781876524e-06
0.8670000000000004,5.270114672031318e-06
0.8680000000000005,1.9230194791719867e-05
0.8690000000000004,1.7278319408256486e-05
0.8700000000000006,8.514173277478625e-06
0.8710000000000004,1.9870471696911268e-05
0.8720000000000006,1.982962200302217e-05
0.8730000000000004,3.330033188572839e-05
0.8740000000000006,8.341099597967142e-06
0.8750000000000004,5.310098435906308e-06
0.8760000000000006,1.304739144570853e-05
0.8770000000000004,9.399092081421285e-06
0.8780000000000006,2.314998278367536e-05
0.8790000000000004,6.364744323889555e-06
0.8800000000000006,2.542952302945524e-05
0.8810000000000004,1.3261960069085645e-05
0.8820000000000006,2.0360039711839463e-05
0.8830000000000005,2.085500795339931e-06
0.8840000000000006,1.3317561943537736e-05
0.8850000000000005,1.3485197442969537e-05
0.8860000000000006,6.84545426642314e-06
0.8870000000000005,8.65711133678389e-06
0.8880000000000006,1.2317906675939093e-05
0.8890000000000005,1.1649181739336567e-05
0.8900000000000006,3.445886799986798e-05
0.8910000000000005,2.3943898712140285e-05
0.8920000000000006,2.1495774287713142e-05
0.8930000000000005,9.305149825700901e-06
0.8940000000000006,8.440417337557797e-07
0.8950000000000005,4.2300235632834445e-06
0.8960000000000006,1.5185294696267077e-05
0.8970000000000005,9.297912365905959e-06
0.8980000000000006,1.2281700525410092e-05
0.8990000000000005,3.1919069872257e-05
0.9000000000000006,1.7935099638674343e-05
0.9010000000000005,2.2017984240513753e-05
0.9020000000000006,1.9314889851341963e-05
0.9030000000000005,3.3549438263555127e-06
0.9040000000000006,4.632955258621236e-06
0.9050000000000005,1.0004295124542412e-05
0.9060000000000006,1.9035404071014075e-05
0.9070000000000005,3.249881518738801e-06
0.9080000000000006,5.196717770018256e-06
0.9090000000000005,5.049077590626478e-06
0.9100000000000006,6.082386622582158e-06
0.9110000000000005,1.01238758351041e-05
0.9120000000000006,6.124702821034155e-06
0.9130000000000005,4.765886048311612e-06
0.9140000000000006,4.074225801053885e-06
0.9150000000000005,1.0512452308318589e-05
0.9160000000000006,2.134606292129423e-05
0.9170000000000005,1.9825475618110296e-05
0.9180000000000006,2.0670070710106555e-06
0.9190000000000005,7.386455204988793e-06
0.9200000000000006,1.2112560067041442e-05
0.9210000000000005,8.648349714435854e-06
0.9220000000000006,1.882431496623486e-05
0.9230000000000005,9.544362000581423e-06
0.9240000000000006,3.999184551137394e-06
0.9250000000000005,5.911536263722332e-06
0.9260000000000006,1.306331943334541e-05
0.9270000000000005,7.943691675393422e-06
0.9280000000000006,1.4613068126122406e-05
0.9290000000000005,1.0383458813231249e-05
0.9300000000000006,4.67385328317738e-06
0.9310000000000005,6.354818799444666e-06
0.9320000000000006,7.61514664011128e-06
0.9330000000000005,3.1102871577149153e-06
0.9340000000000006,2.8555493761004615e-06
0.9350000000000005,7.150262894947157e-06
0.9360000000000006,5.894967435178786e-06
0.9370000000000005,5.8068202085279485e-06
0.9380000000000006,8.692552343473304e-06
0.9390000000000005,3.765654695186743e-06
0.9400000000000006,6.491333119989714e-06
0.9410000000000005,1.5842596137593972e-05
0.9420000000000006,4.432217556626602e-06
0.9430000000000005,3.5555641307818766e-06
0.9440000000000006,1.368135528194475e-05
0.9450000000000005,1.251943376170197e-05
0.9460000000000006,9.67225493034975e-06
0.9470000000000005,1.782846094971686e-05
0.9480000000000006,7.0047113636070455e-06
0.9490000000000005,4.7675764505114054e-07
0.9500000000000006,1.2326143625376027e-05
0.9510000000000005,1.0691246527356647e-07
0.9520000000000006,5.9410948682672535e-06
0.9530000000000005,1.3907227571996904e-05
0.9540000000000006,4.0276436477748215e-06
0.9550000000000005,8.606423942001818e-06
0.9560000000000006,4.281356501900614e-06
0.9570000000000005,1.0835511205451807e-05
0.9580000000000006,8.563711427839427e-06
0.9590000000000005,9.595187751047198e-06
0.9600000000000006,1.0421633595845424e-05
0.9610000000000005,3.17717351558589e-06
0.9620000000000006,8.670217283297497e-07
0.9630000000000005,5.0243166229594205e-06
0.9640000000000006,1.051111167696589e-05
0.9650000000000005,4.018239577632354e-07
0.9660000000000006,6.830788795607232e-06
0.9670000000000005,1.4254703018592562e-05
0.9680000000000006,1.2789511753750137e-05
0.9690000000000005,3.0727010948103414e-06
0.9700000000000006,6.334398471827687e-06
0.9710000000000005,1.3900888113361587e-05
0.9720000000000006,2.3332940126619914e-05
0.9730000000000005,7.76169474150425e-06
0.9740000000000006,6.525008768391374e-06
0.9750000000000005,2.0917344761836426e-06
0.9760000000000006,3.722802886939674e-06
0.9770000000000005,5.945184475492405e-06
0.9780000000000006,2.3453977199522314e-06
0.9790000000000005,7.7315557372821e-06
0.9800000000000006,1.235266187178361e-05
0.9810000000000005,7.296269064948963e-06
0.9820000000000007,5.589763323715172e-06
0.9830000000000005,2.755140397206653e-06
0.9840000000000007,3.7741448162701e-06
0.9850000000000005,9.196162628970135e-06
0.9860000000000007,7.274888018643241e-06
0.9870000000000005,7.647607820619167e-06
0.9880000000000007,1.557380648549951e-05
0.9890000000000005,1.2851341605219692e-05
0.9900000000000007,1.2399989479306497e-05
0.9910000000000005,3.6138466361184205e-06
0.9920000000000007,1.2925887468216307e-05
0.9930000000000005,9.509330487899495e-06
0.9940000000000007,1.1492634935179917e-05
0.9950000000000006,9.29267190183058e-06
0.9960000000000007,8.423142742412502e-06
0.9970000000000006,1.0285558841972432e-05
0.9980000000000007,1.7590985028013213e-05
0.9990000000000006,9.816287261195634e-06
1.0000000000000007,1.2041768866230212e-05
1.0010000000000006,1.0357724519735483e-05
1.0020000000000007,4.966608209679185e-06
1.0030000000000006,1.5321604926825186e-05
1.0040000000000007,1.3740904180631211e-05
1.0050000000000006,1.0536598331883782e-05
1.0060000000000007,1.217877874882292e-05
1.0070000000000006,2.009764078802005e-05
1.0080000000000007,1.3797748520897959e-05
1.0090000000000006,1.0907815390808512e-05
1.0100000000000007,1.4323730004412637e-05
1.0110000000000006,1.3862988900495193e-05
1.0120000000000007,1.6343664971705107e-05
1.0130000000000006,1.490750650219459e-05
1.0140000000000007,1.3145595343346956e-05
1.0150000000000006,2.1329774919707733e-05
1.0160000000000007,1.402436131046074e-05
1.0170000000000006,1.1111582847602582e-05
1.0180000000000007,1.6974478944905146e-05
1.0190000000000006,1.8012793961845243e-05
1.0200000000000007,1.3788632759923967e-05
1.0210000000000006,1.209735488659689e-05
1.0220000000000007,1.8741785232407074e-05
1.0230000000000006,2.4161134981941746e-05
1.0240000000000007,1.8606369488151417e-05
1.0250000000000006,2.0497115204563554e-05
1.0260000000000007,1.8126653805592116e-05
1.0270000000000006,1.915049807054427e-05
1.0280000000000007,2.1823396702152245e-05
1.0290000000000006,2.0144498491621275e-05
1.0300000000000007,2.1321435461642204e-05
1.0310000000000006,1.6968918928154606e-05
1.0320000000000007,2.3417470398175083e-05
1.0330000000000006,2.3721933319486432e-05
1.0340000000000007,2.4812197764484082e-05
1.0350000000000006,2.335814535785913e-05
1.0360000000000007,2.6414158575783355e-05
1.0370000000000006,2.521375073404586e-05
1.0380000000000007,2.4974688858666054e-05
1.0390000000000006,2.6588248622724564e-05
1.0400000000000007,2.1184545397796223e-05
1.0410000000000006,2.593401340181433e-05
1.0420000000000007,3.3084112628977654e-05
1.0430000000000006,3.106539311301282e-05
1.0440000000000007,3.542254581080301e-05
1.0450000000000006,4.1381372016865774e-05
1.0460000000000007,3.516071800063054e-05
1.0470000000000006,5.284175031532671e-05
1.0480000000000007,4.7809788015380036e-05
1.0490000000000006,4.7454877385269937e-05
1.0500000000000007,4.788843089368552e-05
1.0510000000000006,5.046882524652928e-05
1.0520000000000007,5.524883142072392e-05
1.0530000000000006,5.894091188521028e-05
1.0540000000000007,6.906102643114646e-05
1.0550000000000006,7.303316416204927e-05
1.0560000000000007,7.509550645884624e-05
1.0570000000000006,7.197049553379228e-05
1.0580000000000007,8.385238537418785e-05
1.0590000000000006,8.453432306836895e-05
1.0600000000000007,8.595358903123485e-05
1.0610000000000006,9.009722642596988e-05
1.0620000000000007,0.0001012589166273286
1.0630000000000006,0.00010135654360630768
1.0640000000000007,0.00011388801817218955
1.0650000000000006,0.00011501464486989665
1.0660000000000007,0.00011607755398795588
1.0670000000000006,0.00012286330718002858
1.0680000000000007,0.00012835742024053218
1.0690000000000006,0.00013333635709524466
1.0700000000000007,0.00014361294509698927
1.0710000000000006,0.0001498956506302566
1.0720000000000007,0.00015284690462279838
1.0730000000000006,0.0001551984587057905
1.0740000000000007,0.0001590580881456798
1.0750000000000006,0.00017356782738268758
1.0760000000000007,0.00018296893491419444
1.0770000000000006,0.00019138680852322348
1.0780000000000007,0.00019789675354413036
1.0790000000000006,0.00020117078133893585
1.0800000000000007,0.00021243316568666604
1.0810000000000006,0.0002251794744505134
1.0820000000000007,0.00024401804921010654
1.0830000000000006,0.00025106612774338
1.0840000000000007,0.000267864574810906
1.0850000000000006,0.00028003101396932535
1.0860000000000007,0.00029946662436047453
1.0870000000000006,0.0003088615999043244
1.0880000000000007,0.0003383615360956121
1.0890000000000006,0.0003713898022098983
1.0900000000000007,0.000397199203267432
1.0910000000000006,0.0004279475998243955
1.0920000000000007,0.00044544573285683114
1.0930000000000006,0.0004886602078737208
1.0940000000000007,0.0005304322255379566
1.0950000000000006,0.0005682114290251636
1.0960000000000008,0.000623331348592505
1.0970000000000006,0.0006561425727689933
1.0980000000000008,0.0007127431343257154
1.0990000000000006,0.0008267271956520525
1.1000000000000008,0.0008925535206861882
1.1010000000000006,0.0009604008945430082
1.1020000000000008,0.0010680615275472823
1.1030000000000006,0.0011569539983604807
1.1040000000000008,0.0012808778809772416
1.1050000000000006,0.0013775175233038915
1.1060000000000008,0.001492594495868931
1.1070000000000007,0.0016542274576251599
1.1080000000000008,0.0018119585508832284
1.1090000000000007,0.00196759928779161
1.1100000000000008,0.00213397538526466
1.1110000000000007,0.002466384449181792
1.1120000000000008,0.0026867472988804752
1.1130000000000007,0.0027507135568981553
1.1140000000000008,0.0029727783672015584
1.1150000000000007,0.0032517664413978563
1.1160000000000008,0.0035435163095957002
1.1170000000000007,0.003900410988078638
1.1180000000000008,0.004173483360549909
1.1190000000000007,0.004427439674825721
1.1200000000000008,0.004904824718582118
1.1210000000000007,0.00533931818433118
1.1220000000000008,0.006882362688809625
1.1230000000000007,0.007228358985613794
1.1240000000000008,0.007920462106433898
1.1250000000000007,0.008840803181709234
1.1260000000000008,0.009587757257335103
1.1270000000000007,0.010275623393913217
1.1280000000000008,0.01103677982528467
1.1290000000000007,0.011728329630949271
1.1300000000000008,0.012505934436202048
1.1310000000000007,0.013633017051095582
1.1320000000000008,0.01498938021985477
1.1330000000000007,0.016465923525092897
1.1340000000000008,0.01803042873379666
1.1350000000000007,0.019698015816727872
1.1360000000000008,0.021568364946546875
1.1370000000000007,0.02349487268558453
1.1380000000000008,0.025408617006636162
1.1390000000000007,0.027764665157280963
1.1400000000000008,0.030901543993072766
1.1410000000000007,0.03455151110746238
1.1420000000000008,0.038596316175940136
1.1430000000000007,0.042977794944566945
1.1440000000000008,0.04781874680436652
1.1450000000000007,0.05340962131784682
1.1460000000000008,0.059682880272936736
1.1470000000000007,0.06714467412622442
1.1480000000000008,0.07558902895905933
1.1490000000000007,0.08528303053460942
1.1500000000000008,0.09616479705264314
1.1510000000000007,0.10861103215720923
1.1520000000000008,0.1226357952193593
1.1530000000000007,0.13854840904716847
1.1540000000000008,0.1563829414381904
1.1550000000000007,0.17630010663513587
1.1560000000000008,0.1981135070947754
1.1570000000000007,0.22146663803037636
1.1580000000000008,0.24634535079856637
1.1590000000000007,0.2722820414976028
1.1600000000000008,0.2995256489466229
1.1610000000000007,0.3263865287264193
1.1620000000000008,0.35326757870944975
1.1630000000000007,0.3785264690880841
1.1640000000000008,0.40217324909125496
1.1650000000000007,0.4254448807516493
1.1660000000000008,0.4463808823197751
1.1670000000000007,0.46496207315506677
1.1680000000000008,0.48141365234973893
1.1690000000000007,0.4955822240590923
1.1700000000000008,0.5096072009298628
1.1710000000000007,0.5216883293452224
1.1720000000000008,0.5322930779564903
1.1730000000000007,0.5418259552450225
1.1740000000000008,0.5496329364963018
1.1750000000000007,0.5569360959624219
1.1760000000000008,0.5622421601695781
1.1770000000000007,0.5668594122315286
1.1780000000000008,0.5714011844431783
1.1790000000000007,0.5747858642980347
1.1800000000000008,0.5780429641641632
1.1810000000000007,0.5798345311035773
1.1820000000000008,0.5818741807461774
1.1830000000000007,0.5826212531997559
1.1840000000000008,0.5832771923204358
1.1850000000000007,0.5832832420686701
1.1860000000000008,0.5828630887230482
1.1870000000000007,0.5821948991830327
1.1880000000000008,0.5817757369165739
1.1890000000000007,0.5816342552570798
1.1900000000000008,0.5805681766463148
1.1910000000000007,0.5806203859222584
1.1920000000000008,0.5826809682336176
1.1930000000000007,0.5821488551479342
1.1940000000000008,0.5817560583540915
1.1950000000000007,0.5820736314917258
1.1960000000000008,0.5791904711302904
1.1970000000000007,0.5792677841147617
1.1980000000000008,0.5784301066423883
1.1990000000000007,0.5771414513347689
1.2000000000000008,0.5773971789755543
1.2010000000000007,0.5733123550640673
1.2020000000000008,0.5728333577424364
1.2030000000000007,0.5723281187466981
1.2040000000000008,0.571793978823369
1.2050000000000007,0.5717448686599349
1.2060000000000008,0.5680420438760478
1.2070000000000007,0.5689574819952412
1.2080000000000009,0.569831730907038
1.2090000000000007,0.5693392381180178
1.2100000000000009,0.5695436649480078
1.2110000000000007,0.5681013666949846
1.2120000000000009,0.5696059103621697
1.2130000000000007,0.5699324862167948
1.2140000000000009,0.5716577588143746
1.2150000000000007,0.5723088393077119
1.2160000000000009,0.5712408235448942
1.2170000000000007,0.5730808567051142
1.2180000000000009,0.5745082885962333
1.2190000000000007,0.5741638704296587
1.2200000000000009,0.5753346216255442
1.2210000000000008,0.5757051932739822
1.2220000000000009,0.5752962783342199
1.2230000000000008,0.5771742764922616
1.2240000000000009,0.5769697415648803
1.2250000000000008,0.5777432328820732
1.2260000000000009,0.5776245138483409
1.2270000000000008,0.5776184499349079
1.2280000000000009,0.5783060976027437
1.2290000000000008,0.5778125385902871
1.2300000000000009,0.5783289800202103
1.2310000000000008,0.5786638218136002
1.2320000000000009,0.5777540547265397
1.2330000000000008,0.5779523817180073
1.2340000000000009,0.5772821117322801
1.2350000000000008,0.576625971027365
1.2360000000000009,0.5766787462533851
1.2370000000000008,0.5753348092059811
1.2380000000000009,0.5753424741468368
1.2390000000000008,0.5742698390107255
1.2400000000000009,0.5741488853057952
1.2410000000000008,0.5739863324477865
1.2420000000000009,0.573334034897884
1.2430000000000008,0.5734615525125025
1.2440000000000009,0.5732355166041393
1.2450000000000008,0.5727794698178913
1.2460000000000009,0.5726834246484594
1.2470000000000008,0.5717985653613535
1.2480000000000009,0.5720354859036757
1.2490000000000008,0.5709231482636552
1.2500000000000009,0.5710301743222975
1.2510000000000008,0.56991435898551
1.252000000000001,0.5688380361568086
1.2530000000000008,0.568591227004826
1.254000000000001,0.5679460946982907
1.2550000000000008,0.5669997970070751
1.256000000000001,0.5664367330835122
1.2570000000000008,0.5660746247637732
1.258000000000001,0.5649549590264531
1.2590000000000008,0.5640648076424915
1.260000000000001,0.5631579786093677
1.2610000000000008,0.562543576213743
1.262000000000001,0.5619820021890906
1.2630000000000008,0.5606766459229079
1.264000000000001,0.5600142333735639
1.2650000000000008,0.5586633285898751
1.266000000000001,0.5576247283000345
1.2670000000000008,0.5566961238487259
1.268000000000001,0.5550139138566645
1.2690000000000008,0.553475810884184
1.270000000000001,0.5521563431286957
1.2710000000000008,0.5508331673955055
1.272000000000001,0.5494944757768686
1.2730000000000008,0.5474542397733344
1.274000000000001,0.5458601119673434
1.2750000000000008,0.5438373040591087
1.276000000000001,0.5424534519965574
1.2770000000000008,0.5409530390676992
1.278000000000001,0.5391583067319198
1.2790000000000008,0.5374239631448687
1.280000000000001,0.5357753886500267
1.2810000000000008,0.5342811364987273
1.282000000000001,0.5329415783099873
1.2830000000000008,0.5316213140524766
1.284000000000001,0.5303346140913443
1.2850000000000008,0.5284930101458306
1.286000000000001,0.5276127010780081
1.2870000000000008,0.5276549383116085
1.288000000000001,0.5264620250350137
1.2890000000000008,0.5258705945086133
1.290000000000001,0.5255814425283278
1.2910000000000008,0.5262835488395888
1.292000000000001,0.5265965192846791
1.2930000000000008,0.5271998032801934
1.294000000000001,0.5281338980248048
1.2950000000000008,0.5293139006118709
1.296000000000001,0.531358792259971
1.2970000000000008,0.5331775385948962
1.298000000000001,0.5348120129607895
1.2990000000000008,0.5368190216669644
1.300000000000001,0.5378657273439338
1.3010000000000008,0.5397784335257382
1.302000000000001,0.5420692706420198
1.3030000000000008,0.5441583605353515
1.304000000000001,0.5456561195073325
1.3050000000000008,0.5472459158610038
1.306000000000001,0.5482566286226577
1.3070000000000008,0.5497295007575945
1.308000000000001,0.5503260478101747
1.3090000000000008,0.550892477038766
1.310000000000001,0.5508877855582118
1.3110000000000008,0.5498838167946147
1.312000000000001,0.5484624814540534
1.3130000000000008,0.545835817889946
1.314000000000001,0.5420999134391905
1.3150000000000008,0.5381337580082824
1.316000000000001,0.5321392839653488
1.3170000000000008,0.5269542817731485
1.318000000000001,0.5200825389170974
1.3190000000000008,0.5131749809584386
1.320000000000001,0.5055663816727807
1.3210000000000008,0.49716659564534366
1.322000000000001,0.48995942744552307
1.3230000000000008,0.48196024064064674
1.324000000000001,0.47394483729035325
1.3250000000000008,0.4661023527150295
1.326000000000001,0.45809620143361474
1.3270000000000008,0.45027739544916623
1.328000000000001,0.4427701522604246
1.3290000000000008,0.4350387103753331
1.330000000000001,0.42697762655446464
1.3310000000000008,0.4189128377274134
1.332000000000001,0.4111155470091897
1.3330000000000009,0.40193012615023505
1.334000000000001,0.392095607981298
1.3350000000000009,0.38194223657351845
1.336000000000001,0.36878360425169415
1.3370000000000009,0.3559546317393845
1.338000000000001,0.33902303337610584
1.3390000000000009,0.3198869818577637
1.340000000000001,0.30127147535124565
1.3410000000000009,0.2798460332270413
1.342000000000001,0.25701843317914375
1.3430000000000009,0.23312822421341797
1.344000000000001,0.21006665269802943
1.3450000000000009,0.18791078546786577
1.346000000000001,0.16632028840108548
1.3470000000000009,0.14611604979561055
1.348000000000001,0.12796829451416283
1.3490000000000009,0.11008706210298815
1.350000000000001,0.09532514539479853
1.3510000000000009,0.08209347821595946
1.352000000000001,0.07018586913720556
1.3530000000000009,0.05985913661884261
1.354000000000001,0.05131870945434147
1.3550000000000009,0.04387016851925865
1.356000000000001,0.037294724046960964
1.3570000000000009,0.031907296944496955
1.358000000000001,0.02739261689884845
1.3590000000000009,0.023514167601301386
1.360000000000001,0.02051593115367924
1.3610000000000009,0.018177454805415244
1.362000000000001,0.01626708860743999
1.3630000000000009,0.014165102207273123
1.364000000000001,0.012238010433177765
1.3650000000000009,0.010250645558812815
1.366000000000001,0.009016609481628421
1.3670000000000009,0.008422268446659133
1.368000000000001,0.007810872599161054
1.3690000000000009,0.006959850402241851
1.370000000000001,0.012448527671794407
1.3710000000000009,0.011107615016328629
1.372000000000001,0.009321117637655986
1.3730000000000009,0.008187702482016793
1.374000000000001,0.007388691731025612
1.3750000000000009,0.006655089729256693
1.376000000000001,0.005464204450696711
1.377000000000001,0.004444138278486313
1.378000000000001,0.0037143196646634556
1.379000000000001,0.0034152531112295412
1.380000000000001,0.003110422761814687
1.381000000000001,0.0031125841656700734
1.382000000000001,0.0030053382730147586
1.383000000000001,0.002685463688314975
1.384000000000001,0.0023561436970478225
1.385000000000001,0.0021281503378319144
1.386000000000001,0.002024119694201423
1.387000000000001,0.0018735344192693027
1.388000000000001,0.0016394032445967049
1.389000000000001,0.001510667204114863
1.390000000000001,0.0013530212704859206
1.391000000000001,0.0012014365423741811
1.392000000000001,0.0010930913732349486
1.393000000000001,0.0010212647738359895
1.394000000000001,0.0010410350283384072
1.395000000000001,0.0009897739785664176
1.396000000000001,0.0008158860191513273
1.397000000000001,0.0006998611570587999
1.398000000000001,0.0007004506835455743
1.399000000000001,0.0007162269013213264
1.400000000000001,0.0006658357807953124
1.401000000000001,0.0005963373942743503
1.402000000000001,0.0005423320435372738
1.403000000000001,0.000520998419191649
1.404000000000001,0.0004954691983558924
1.405000000000001,0.00046342089371829276
1.406000000000001,0.00043970268269390606
1.407000000000001,0.00042876836101000195
1.408000000000001,0.0004095422347443075
1.409000000000001,0.0003740754045490828
1.410000000000001,0.0003484072794819835
1.411000000000001,0.0003398697699427731
1.412000000000001,0.0003201073839121595
1.413000000000001,0.00031984981094360484
1.414000000000001,0.0002842118189598752
1.415000000000001,0.0002744187657059237
1.416000000000001,0.0002618551594481586
1.417000000000001,0.0002607701347829974
1.418000000000001,0.0002469816046658952
1.419000000000001,0.00023264963905761754
1.420000000000001,0.0002223362384676039
1.421000000000001,0.00022487102939240056
1.422000000000001,0.00020763715254377385
1.423000000000001,0.0002039890539056614
1.424000000000001,0.00018381983492211747
1.425000000000001,0.00017745713371237172
1.426000000000001,0.00017417507090173212
1.427000000000001,0.00016296459509433571
1.428000000000001,0.00015771073748942395
1.429000000000001,0.00015136581158554523
1.430000000000001,0.0001447875020226414
1.431000000000001,0.00015137169217893372
1.432000000000001,0.00014171123277563843
1.433000000000001,0.0001391799339462836
1.434000000000001,0.0001274029832090735
1.435000000000001,0.00012734295641442258
1.436000000000001,0.0001276579317430753
1.437000000000001,0.00012419778619132097
1.438000000000001,0.0001182479198622774
1.439000000000001,0.00011375887698626503
1.440000000000001,0.00010912525350535876
1.441000000000001,0.00010068985441851258
1.442000000000001,9.46761130932864e-05
1.443000000000001,9.404421492750876e-05
1.444000000000001,9.726909897167643e-05
1.445000000000001,9.255109995755702e-05
1.446000000000001,8.425376785765023e-05
1.447000000000001,7.527013400466568e-05
1.448000000000001,7.636339998122616e-05
1.449000000000001,7.69655787681031e-05
1.450000000000001,7.742246018424399e-05
1.451000000000001,7.068451127595131e-05
1.452000000000001,6.612626628540239e-05
1.453000000000001,6.731946885275784e-05
1.454000000000001,6.585744566559555e-05
1.455000000000001,5.88728936392043e-05
1.456000000000001,5.5607761780214014e-05
1.457000000000001,5.636446415625193e-05
1.458000000000001,5.375859965813522e-05
1.459000000000001,4.9035145246919114e-05
1.460000000000001,4.845039731021422e-05
1.461000000000001,5.0669112796827704e-05
1.462000000000001,4.652782248379971e-05
1.463000000000001,4.309962264958474e-05
1.464000000000001,4.174220908050091e-05
1.465000000000001,4.065026467142985e-05
1.466000000000001,4.1746503914235565e-05
1.467000000000001,3.855443844593134e-05
1.468000000000001,3.980567272976669e-05
1.469000000000001,3.1517835786329654e-05
1.470000000000001,3.167023566086749e-05
1.471000000000001,3.471044433151848e-05
1.472000000000001,3.370042259203053e-05
1.473000000000001,3.0157166178506685e-05
1.474000000000001,2.8547231897877694e-05
1.475000000000001,2.906992967988859e-05
1.476000000000001,3.234439533805556e-05
1.477000000000001,2.3505939433647504e-05
1.478000000000001,2.2054938475036767e-05
1.479000000000001,2.612389007372947e-05
1.480000000000001,2.408460357891931e-05
1.481000000000001,2.2204104022138894e-05
1.482000000000001,2.5992248712573717e-05
1.483000000000001,2.4197546204489236e-05
1.484000000000001,1.9245412342065277e-05
1.485000000000001,1.9841137272977055e-05
1.486000000000001,1.5561644579412543e-05
1.487000000000001,1.422890968195598e-05
1.488000000000001,1.861005727715172e-05
1.489000000000001,2.0401643643797226e-05
1.490000000000001,1.4327546827601168e-05
1.491000000000001,1.5247571621638537e-05
1.492000000000001,1.947459682646043e-05
1.493000000000001,1.563912329923953e-05
1.494000000000001,1.3208798045771061e-05
1.495000000000001,1.7090210371554016e-05
1.496000000000001,1.9284127099919338e-05
1.497000000000001,1.1402883989557502e-05
1.498000000000001,1.459110463753653e-05
1.499000000000001,1.758251865954813e-05
1.500000000000001,1.3257146891892921e-05
1.501000000000001,1.175006873393067e-05
1.5020000000000011,7.63626349869718e-06
1.503000000000001,1.0162262175228608e-05
1.5040000000000011,9.17960246609149e-06
1.505000000000001,9.769549209738423e-06
1.5060000000000011,1.1788728564818685e-05
1.507000000000001,1.2064222958373006e-05
1.5080000000000011,1.1211614090641468e-05
1.509000000000001,9.22542231877111e-06
1.5100000000000011,1.0896940475522282e-05
1.511000000000001,1.2033702856761827e-05
1.5120000000000011,8.83562449340649e-06
1.513000000000001,1.1728359528432911e-05
1.5140000000000011,9.058749628293755e-06
1.515000000000001,5.638386519573999e-06
1.5160000000000011,6.92433902308663e-06
1.517000000000001,6.518335304316984e-06
1.5180000000000011,7.889601689822618e-06
1.519000000000001,1.018253630097139e-05
1.5200000000000011,9.452336219580885e-06
1.521000000000001,6.6275170203843065e-06
1.5220000000000011,1.1434836431401296e-05
1.523000000000001,1.2656827616345912e-05
1.5240000000000011,6.342921475188719e-06
1.525000000000001,4.07962063714244e-06
1.5260000000000011,5.4348230584011764e-06
1.527000000000001,5.780852985394972e-06
1.5280000000000011,7.658278211553892e-06
1.529000000000001,5.285909919275946e-06
1.5300000000000011,8.414218533743747e-06
1.531000000000001,7.048804109601828e-06
1.5320000000000011,5.3599946028235244e-06
1.533000000000001,7.78536756126638e-06
1.5340000000000011,8.454429483313899e-06
1.535000000000001,1.1698385747823655e-05
1.5360000000000011,7.632141340503447e-06
1.537000000000001,1.1589400609097503e-06
1.5380000000000011,3.10255645757423e-06
1.539000000000001,3.6400730614380246e-06
1.5400000000000011,2.262659741190469e-06
1.541000000000001,7.765956610724583e-06
1.5420000000000011,6.058260956722147e-06
1.543000000000001,9.154479232665774e-06
1.5440000000000011,7.589999471604054e-06
1.545000000000001,4.755534808881132e-06
1.5460000000000012,9.008298357759164e-06
1.547000000000001,1.0517246010898176e-05
1.5480000000000012,8.85734247758866e-06
1.549000000000001,7.37837455529809e-06
1.5500000000000012,4.121792175555653e-06
1.551000000000001,6.29158683767123e-06
1.5520000000000012,7.126093829150067e-06
1.553000000000001,7.966338715707487e-07
1.5540000000000012,4.594405914313782e-06
1.555000000000001,5.243652107128683e-06
1.5560000000000012,8.891016680358804e-06
1.557000000000001,8.211350623139378e-06
1.5580000000000012,7.168060214683513e-06
1.559000000000001,1.0298873318758774e-05
1.5600000000000012,1.1060460980709103e-05
1.561000000000001,7.3370220361225175e-06
1.5620000000000012,4.973879350315938e-06
1.563000000000001,6.796309103781369e-06
1.5640000000000012,6.530107011728549e-06
1.565000000000001,3.909800110963907e-06
1.5660000000000012,6.594544552908666e-06
1.567000000000001,8.44080282694868e-06
1.5680000000000012,2.8840321229560856e-06
1.569000000000001,1.6435026238906392e-07
1.5700000000000012,6.784031340014466e-06
1.571000000000001,3.716646166221433e-06
1.5720000000000012,1.677765402490634e-06
1.573000000000001,1.0262472940255227e-05
1.5740000000000012,9.50210848323711e-06
1.575000000000001,2.1150336667721045e-07
1.5760000000000012,9.977356920551645e-06
1.577000000000001,5.691231412360737e-06
1.5780000000000012,1.2330385928261667e-05
1.579000000000001,1.7350834926710961e-06
1.5800000000000012,2.4771009403853335e-06
1.581000000000001,1.1052424934317694e-06
1.5820000000000012,4.258446949839449e-06
1.583000000000001,1.1619575132333907e-05
1.5840000000000012,5.418287709600642e-06
1.585000000000001,2.9254019838531304e-06
1.5860000000000012,1.2678402674553742e-06
1.587000000000001,7.112435955551981e-06
1.5880000000000012,3.218828582245038e-06
1.589000000000001,3.556393936818553e-06
1.5900000000000012,5.751683019263455e-06
1.591000000000001,6.216199321887693e-06
1.5920000000000012,1.0752013759236258e-05
1.593000000000001,1.0361729622719326e-05
1.5940000000000012,7.450355159898355e-06
1.595000000000001,4.298707579133465e-06
1.5960000000000012,5.687907311590693e-06
1.597000000000001,4.699770612136223e-06
1.5980000000000012,5.498857907838194e-06
1.599000000000001,6.270320845562478e-06
1.6000000000000012,2.387012241936236e-07
1.601000000000001,7.661533644026028e-06
1.6020000000000012,1.5073245437677777e-06
1.603000000000001,1.2697773780897894e-05
1.6040000000000012,7.134267340915724e-06
1.605000000000001,7.361377348246525e-06
1.6060000000000012,1.8561767002164858e-06
1.607000000000001,1.8620725531432603e-07
1.6080000000000012,4.596667623620061e-06
1.609000000000001,5.456976155712162e-06
1.6100000000000012,7.1216089741537054e-06
1.611000000000001,1.3944780795477484e-06
1.6120000000000012,4.961218833358908e-06
1.613000000000001,6.245339030030839e-06
1.6140000000000012,8.454038712581295e-06
1.615000000000001,5.466986150793208e-06
1.6160000000000012,3.8087710921107e-06
1.617000000000001,4.816676878411228e-06
1.6180000000000012,5.824760262061179e-06
1.619000000000001,3.722810142085819e-07
1.6200000000000012,5.777922939830671e-06
1.621000000000001,6.927671016304467e-06
1.6220000000000012,7.979921238597074e-06
1.623000000000001,7.358815940929353e-06
1.6240000000000012,4.685814963358017e-06
1.625000000000001,3.2063126279353047e-06
1.6260000000000012,5.482642936809225e-07
1.6270000000000011,8.227089614058947e-06
1.6280000000000012,4.560439556784744e-06
1.6290000000000011,6.244758969178265e-07
1.6300000000000012,4.496401211271916e-06
1.6310000000000011,3.830791432495948e-06
1.6320000000000012,6.464463051211888e-06
1.6330000000000011,7.115860873223258e-06
1.6340000000000012,7.172909547541066e-07
1.6350000000000011,9.092450750170165e-07
1.6360000000000012,4.034629643334748e-06
1.6370000000000011,1.064739876253038e-06
1.6380000000000012,3.009222574113505e-06
1.6390000000000011,4.0875410388049424e-06
1.6400000000000012,3.371437564146915e-06
1.6410000000000011,3.76337890919216e-06
1.6420000000000012,4.850410918390742e-08
1.6430000000000011,8.671202742915907e-07
1.6440000000000012,1.5672020908011582e-06
1.6450000000000011,1.0884260288618882e-06
1.6460000000000012,1.2501898147289043e-06
1.6470000000000011,2.850715527803803e-06
1.6480000000000012,3.771559818755619e-06
1.6490000000000011,2.4361336296530677e-07
1.6500000000000012,1.2818173321303107e-06
1.6510000000000011,2.872218662315341e-06
1.6520000000000012,8.884651233795854e-07
1.6530000000000011,1.1723055503318963e-06
1.6540000000000012,2.594318828792216e-06
1.6550000000000011,1.0757897861387264e-06
1.6560000000000012,2.2075465497872958e-06
1.6570000000000011,1.0194252745584862e-06
1.6580000000000013,2.7461207932772697e-07
1.6590000000000011,1.705998733468853e-06
1.6600000000000013,8.516001996488919e-07
1.6610000000000011,6.924003085561081e-07
1.6620000000000013,1.8183719405016053e-07
1.6630000000000011,1.136690178067058e-07
1.6640000000000013,6.780895935818576e-07
1.6650000000000011,7.685886541713564e-07
1.6660000000000013,1.082317561560173e-06
1.6670000000000011,1.2409276871484555e-06
1.6680000000000013,8.339352633108314e-07
1.6690000000000011,6.327777562475223e-07
1.6700000000000013,2.0168492626350924e-07
1.6710000000000012,3.2261154970240817e-07
1.6720000000000013,3.263505260741901e-08
1.6730000000000012,4.0311878193155667e-07
1.6740000000000013,2.4772739296561076e-07
1.6750000000000012,1.8452827448548287e-08
1.6760000000000013,1.844181470718428e-07
1.6770000000000012,5.487841227058153e-10
1.6780000000000013,9.037121783758344e-08
1.6790000000000012,1.193131065377338e-07
1.6800000000000013,1.694380292482316e-07
1.6810000000000012,2.9010467311784983e-08
1.6820000000000013,1.1899477941706615e-07
1.6830000000000012,8.398277632162826e-08
1.6840000000000013,8.215882784276997e-08
1.6850000000000012,3.266454088167817e-08
1.6860000000000013,1.3889350657052365e-07
1.6870000000000012,1.212898915852839e-07
1.6880000000000013,5.021248480618332e-08
1.6890000000000012,6.961425764541598e-08
1.6900000000000013,6.10768178032313e-08
1.6910000000000012,1.0320308505027178e-07
1.6920000000000013,8.31511902205405e-08
1.6930000000000012,5.380486646828681e-09
1.6940000000000013,6.277369189021054e-08
1.6950000000000012,4.157827297353492e-08
1.6960000000000013,3.5831457426015024e-08
1.6970000000000012,5.3809487164670354e-08
1.6980000000000013,5.446289258666122e-08
1.6990000000000012,2.563398358282978e-10
1.7000000000000013,3.42446063404721e-08
1.7010000000000012,5.1204726916935333e-08
1.7020000000000013,1.5622420164748899e-09
1.7030000000000012,1.1080890535250909e-08
1.7040000000000013,3.965985962943558e-08
1.7050000000000012,6.6290386433081875e-09
1.7060000000000013,5.572337059881554e-08
1.7070000000000012,1.0070053083829877e-08
1.7080000000000013,4.272661506856086e-08
1.7090000000000012,2.511425595006415e-08
1.7100000000000013,3.581247445645519e-08
1.7110000000000012,6.294941478754107e-09
1.7120000000000013,1.157068820219342e-08
1.7130000000000012,1.0078540945595825e-08
1.7140000000000013,3.0945205609074624e-08
1.7150000000000012,3.571561242168552e-08
1.7160000000000013,3.6792176541377925e-08
1.7170000000000012,1.516707143517848e-08
1.7180000000000013,3.596083571364086e-08
1.7190000000000012,3.341277508801502e-08
1.7200000000000013,4.688822887560909e-08
1.7210000000000012,1.2688432532754529e-08
1.7220000000000013,0.0
1.7230000000000012,0.0
1.7240000000000013,0.0
1.7250000000000012,0.0
1.7260000000000013,0.0
1.7270000000000012,0.0
1.7280000000000013,0.0
1.7290000000000012,0.0
1.7300000000000013,0.0
1.7310000000000012,0.0
1.7320000000000013,0.0
1.7330000000000012,0.0
1.7340000000000013,0.0
1.7350000000000012,0.0
1.7360000000000013,0.0
1.7370000000000012,0.0
1.7380000000000013,0.0
1.7390000000000012,0.0
1.7400000000000013,0.0
1.7410000000000012,0.0
1.7420000000000013,0.0
1.7430000000000012,0.0
1.7440000000000013,0.0
1.7450000000000012,0.0
1.7460000000000013,0.0
1.7470000000000012,0.0
1.7480000000000013,0.0
1.7490000000000012,0.0
1.7500000000000013,0.0
1.7510000000000012,0.0
1.7520000000000013,0.0
1.7530000000000012,0.0
1.7540000000000013,0.0
1.7550000000000012,0.0
1.7560000000000013,0.0
1.7570000000000012,0.0
1.7580000000000013,0.0
1.7590000000000012,0.0
1.7600000000000013,0.0
1.7610000000000012,0.0
1.7620000000000013,0.0
1.7630000000000012,0.0
1.7640000000000013,0.0
1.7650000000000012,0.0
1.7660000000000013,0.0
1.7670000000000012,0.0
1.7680000000000013,0.0
1.7690000000000012,0.0
1.7700000000000014,0.0
1.7710000000000012,0.0
1.7720000000000014,0.0
1.7730000000000012,0.0
1.7740000000000014,0.0
1.7750000000000012,0.0
1.7760000000000014,0.0
1.7770000000000012,0.0
1.7780000000000014,0.0
1.7790000000000012,0.0
1.7800000000000014,0.0
1.7810000000000012,0.0
1.7820000000000014,0.0
1.7830000000000013,0.0
1.7840000000000014,0.0
1.7850000000000013,0.0
1.7860000000000014,0.0
1.7870000000000013,0.0
1.7880000000000014,0.0
1.7890000000000013,0.0
1.7900000000000014,0.0
1.7910000000000013,0.0
1.7920000000000014,0.0
1.7930000000000013,0.0
1.7940000000000014,0.0
1.7950000000000013,0.0
1.7960000000000014,0.0
1.7970000000000013,0.0
1.7980000000000014,0.0
1.7990000000000013,0.0
1.8000000000000014,0.0
1.8010000000000013,0.0
1.8020000000000014,0.0
1.8030000000000013,0.0
1.8040000000000014,0.0
1.8050000000000013,0.0
1.8060000000000014,0.0
1.8070000000000013,0.0
1.8080000000000014,0.0
1.8090000000000013,0.0
1.8100000000000014,0.0
1.8110000000000013,0.0
1.8120000000000014,0.0
1.8130000000000013,0.0
1.8140000000000014,0.0
1.8150000000000013,0.0
1.8160000000000014,0.0
1.8170000000000013,0.0
1.8180000000000014,0.0
1.8190000000000013,0.0
1.8200000000000014,0.0
1.8210000000000013,0.0
1.8220000000000014,0.0
1.8230000000000013,0.0
1.8240000000000014,0.0
1.8250000000000013,0.0
1.8260000000000014,0.0
1.8270000000000013,0.0
1.8280000000000014,0.0
1.8290000000000013,0.0
1.8300000000000014,0.0
1.8310000000000013,0.0
1.8320000000000014,0.0
1.8330000000000013,0.0
1.8340000000000014,0.0
1.8350000000000013,0.0
1.8360000000000014,0.0
1.8370000000000013,0.0
1.8380000000000014,0.0
1.8390000000000013,0.0
1.8400000000000014,0.0
1.8410000000000013,0.0
1.8420000000000014,0.0
1.8430000000000013,0.0
1.8440000000000014,0.0
1.8450000000000013,0.0
1.8460000000000014,0.0
1.8470000000000013,0.0
1.8480000000000014,0.0
1.8490000000000013,0.0
1.8500000000000014,0.0
1.8510000000000013,0.0
1.8520000000000014,0.0
1.8530000000000013,0.0
1.8540000000000014,0.0
1.8550000000000013,0.0
1.8560000000000014,0.0
1.8570000000000013,0.0
1.8580000000000014,0.0
1.8590000000000013,0.0
1.8600000000000014,0.0
1.8610000000000013,0.0
1.8620000000000014,0.0
1.8630000000000013,0.0
1.8640000000000014,0.0
1.8650000000000013,0.0
1.8660000000000014,0.0
1.8670000000000013,0.0
1.8680000000000014,0.0
1.8690000000000013,0.0
1.8700000000000014,0.0
1.8710000000000013,0.0
1.8720000000000014,0.0
1.8730000000000013,0.0
1.8740000000000014,0.0
1.8750000000000013,0.0
1.8760000000000014,0.0
1.8770000000000013,0.0
1.8780000000000014,0.0
1.8790000000000013,0.0
1.8800000000000014,0.0
1.8810000000000013,0.0
1.8820000000000014,0.0
1.8830000000000013,0.0
1.8840000000000015,0.0
1.8850000000000013,0.0
1.8860000000000015,0.0
1.8870000000000013,0.0
1.8880000000000015,0.0
1.8890000000000013,0.0
1.8900000000000015,0.0
1.8910000000000013,0.0
1.8920000000000015,0.0
1.8930000000000013,0.0
1.8940000000000015,0.0
1.8950000000000014,0.0
1.8960000000000015,0.0
1.8970000000000014,0.0
1.8980000000000015,0.0
1.8990000000000014,0.0
1.9000000000000015,0.0
1.9010000000000014,0.0
1.9020000000000015,0.0
1.9030000000000014,0.0
1.9040000000000015,0.0
1.9050000000000014,0.0
1.9060000000000015,0.0
1.9070000000000014,0.0
1.9080000000000015,0.0
1.9090000000000014,0.0
1.9100000000000015,0.0
1.9110000000000014,0.0
1.9120000000000015,0.0
1.9130000000000014,0.0
1.9140000000000015,0.0
1.9150000000000014,0.0
1.9160000000000015,0.0
1.9170000000000014,0.0
1.9180000000000015,0.0
1.9190000000000014,0.0
1.9200000000000015,0.0
1.9210000000000014,0.0
1.9220000000000015,0.0
1.9230000000000014,0.0
1.9240000000000015,0.0
1.9250000000000014,0.0
1.9260000000000015,0.0
1.9270000000000014,0.0
1.9280000000000015,0.0
1.9290000000000014,0.0
1.9300000000000015,0.0
1.9310000000000014,0.0
1.9320000000000015,0.0
1.9330000000000014,0.0
1.9340000000000015,0.0
1.9350000000000014,0.0
1.9360000000000015,0.0
1.9370000000000014,0.0
1.9380000000000015,0.0
1.9390000000000014,0.0
1.9400000000000015,0.0
1.9410000000000014,0.0
1.9420000000000015,0.0
1.9430000000000014,0.0
1.9440000000000015,0.0
1.9450000000000014,0.0
1.9460000000000015,0.0
1.9470000000000014,0.0
1.9480000000000015,0.0
1.9490000000000014,0.0
1.9500000000000015,0.0
1.9510000000000014,0.0
1.9520000000000015,0.0
1.9530000000000014,0.0
1.9540000000000015,0.0
1.9550000000000014,0.0
1.9560000000000015,0.0
1.9570000000000014,0.0
1.9580000000000015,0.0
1.9590000000000014,0.0
1.9600000000000015,0.0
1.9610000000000014,0.0
1.9620000000000015,0.0
1.9630000000000014,0.0
1.9640000000000015,0.0
1.9650000000000014,0.0
1.9660000000000015,0.0
1.9670000000000014,0.0
1.9680000000000015,0.0
1.9690000000000014,0.0
1.9700000000000015,0.0
1.9710000000000014,0.0
1.9720000000000015,0.0
1.9730000000000014,0.0
1.9740000000000015,0.0
1.9750000000000014,0.0
1.9760000000000015,0.0
1.9770000000000014,0.0
1.9780000000000015,0.0
1.9790000000000014,0.0
1.9800000000000015,0.0
1.9810000000000014,0.0
1.9820000000000015,0.0
1.9830000000000014,0.0
1.9840000000000015,0.0
1.9850000000000014,0.0
1.9860000000000015,0.0
1.9870000000000014,0.0
1.9880000000000015,0.0
1.9890000000000014,0.0
1.9900000000000015,0.0
1.9910000000000014,0.0
1.9920000000000015,0.0
1.9930000000000014,0.0
1.9940000000000015,0.0
1.9950000000000014,0.0
1.9960000000000016,0.0
1.9970000000000014,0.0
1.9980000000000016,0.0
1.9990000000000014,0.0
2.0000000000000013,0.0
2.0010000000000017,0.0
2.0020000000000016,0.0
2.0030000000000014,0.0
2.0040000000000013,0.0
2.0050000000000017,0.0
2.0060000000000016,0.0
2.0070000000000014,0.0
2.0080000000000013,0.0
2.0090000000000017,0.0
2.0100000000000016,0.0
2.0110000000000015,0.0
2.0120000000000013,0.0
2.0130000000000017,0.0
2.0140000000000016,0.0
2.0150000000000015,0.0
2.0160000000000013,0.0
2.0170000000000017,0.0
2.0180000000000016,0.0
2.0190000000000015,0.0
2.0200000000000014,0.0
2.0210000000000017,0.0
2.0220000000000016,0.0
2.0230000000000015,0.0
2.0240000000000014,0.0
2.0250000000000017,0.0
2.0260000000000016,0.0
2.0270000000000015,0.0
2.0280000000000014,0.0
2.0290000000000017,0.0
2.0300000000000016,0.0
2.0310000000000015,0.0
2.0320000000000014,0.0
2.0330000000000017,0.0
2.0340000000000016,0.0
2.0350000000000015,0.0
2.0360000000000014,0.0
2.0370000000000017,0.0
2.0380000000000016,0.0
2.0390000000000015,0.0
2.0400000000000014,0.0
2.0410000000000017,0.0
2.0420000000000016,0.0
2.0430000000000015,0.0
2.0440000000000014,0.0
2.0450000000000017,0.0
2.0460000000000016,0.0
2.0470000000000015,0.0
2.0480000000000014,0.0
2.0490000000000017,0.0
2.0500000000000016,0.0
2.0510000000000015,0.0
2.0520000000000014,0.0
2.0530000000000017,0.0
2.0540000000000016,0.0
2.0550000000000015,0.0
2.0560000000000014,0.0
2.0570000000000017,0.0
2.0580000000000016,0.0
2.0590000000000015,0.0
2.0600000000000014,0.0
2.0610000000000017,0.0
2.0620000000000016,0.0
2.0630000000000015,0.0
2.0640000000000014,0.0
2.0650000000000017,0.0
2.0660000000000016,0.0
2.0670000000000015,0.0
2.0680000000000014,0.0
2.0690000000000017,0.0
2.0700000000000016,0.0
2.0710000000000015,0.0
2.0720000000000014,0.0
2.0730000000000017,0.0
2.0740000000000016,0.0
2.0750000000000015,0.0
2.0760000000000014,0.0
2.0770000000000017,0.0
2.0780000000000016,0.0
2.0790000000000015,0.0
2.0800000000000014,0.0
2.0810000000000017,0.0
2.0820000000000016,0.0
2.0830000000000015,0.0
2.0840000000000014,0.0
2.0850000000000017,0.0
2.0860000000000016,0.0
2.0870000000000015,0.0
2.0880000000000014,0.0
2.0890000000000017,0.0
2.0900000000000016,0.0
2.0910000000000015,0.0
2.0920000000000014,0.0
2.0930000000000017,0.0
2.0940000000000016,0.0
2.0950000000000015,0.0
2.0960000000000014,0.0
2.0970000000000018,0.0
2.0980000000000016,0.0
2.0990000000000015,0.0
2.1000000000000014,0.0
2.1010000000000018,0.0
2.1020000000000016,0.0
2.1030000000000015,0.0
2.1040000000000014,0.0
2.1050000000000018,0.0
2.1060000000000016,0.0
2.1070000000000015,0.0
2.1080000000000014,0.0
2.1090000000000018,0.0
2.1100000000000017,0.0
2.1110000000000015,0.0
2.1120000000000014,0.0
2.1130000000000018,0.0
2.1140000000000017,0.0
2.1150000000000015,0.0
2.1160000000000014,0.0
2.1170000000000018,0.0
2.1180000000000017,0.0
2.1190000000000015,0.0
2.1200000000000014,0.0
2.1210000000000018,0.0
2.1220000000000017,0.0
2.1230000000000016,0.0
2.1240000000000014,0.0
2.1250000000000018,0.0
2.1260000000000017,0.0
2.1270000000000016,0.0
2.1280000000000014,0.0
2.129000000000002,0.0
2.1300000000000017,0.0
2.1310000000000016,0.0
2.1320000000000014,0.0
2.133000000000002,0.0
2.1340000000000017,0.0
2.1350000000000016,0.0
2.1360000000000015,0.0
2.137000000000002,0.0
2.1380000000000017,0.0
2.1390000000000016,0.0
2.1400000000000015,0.0
2.141000000000002,0.0
2.1420000000000017,0.0
2.1430000000000016,0.0
2.1440000000000015,0.0
2.145000000000002,0.0
2.1460000000000017,0.0
2.1470000000000016,0.0
2.1480000000000015,0.0
2.149000000000002,0.0
2.1500000000000017,0.0
2.1510000000000016,0.0
2.1520000000000015,0.0
2.153000000000002,0.0
2.1540000000000017,0.0
2.1550000000000016,0.0
2.1560000000000015,0.0
2.157000000000002,0.0
2.1580000000000017,0.0
2.1590000000000016,0.0
2.1600000000000015,0.0
2.161000000000002,0.0
2.1620000000000017,0.0
2.1630000000000016,0.0
2.1640000000000015,0.0
2.165000000000002,0.0
2.1660000000000017,0.0
2.1670000000000016,0.0
2.1680000000000015,0.0
2.169000000000002,0.0
2.1700000000000017,0.0
2.1710000000000016,0.0
2.1720000000000015,0.0
2.173000000000002,0.0
2.1740000000000017,0.0
2.1750000000000016,0.0
2.1760000000000015,0.0
2.177000000000002,0.0
2.1780000000000017,0.0
2.1790000000000016,0.0
2.1800000000000015,0.0
2.181000000000002,0.0
2.1820000000000017,0.0
2.1830000000000016,0.0
2.1840000000000015,0.0
2.185000000000002,0.0
2.1860000000000017,0.0
2.1870000000000016,0.0
2.1880000000000015,0.0
2.189000000000002,0.0
2.1900000000000017,0.0
2.1910000000000016,0.0
2.1920000000000015,0.0
2.193000000000002,0.0
2.1940000000000017,0.0
2.1950000000000016,0.0
2.1960000000000015,0.0
2.197000000000002,0.0
2.1980000000000017,0.0
2.1990000000000016,0.0
2.2000000000000015,0.0
2.201000000000002,0.0
2.2020000000000017,0.0
2.2030000000000016,0.0
2.2040000000000015,0.0
2.205000000000002,0.0
2.2060000000000017,0.0
2.2070000000000016,0.0
2.2080000000000015,0.0
2.209000000000002,0.0
2.2100000000000017,0.0
2.2110000000000016,0.0
2.2120000000000015,0.0
2.213000000000002,0.0
2.2140000000000017,0.0
2.2150000000000016,0.0
2.2160000000000015,0.0
2.217000000000002,0.0
2.2180000000000017,0.0
2.2190000000000016,0.0
2.2200000000000015,0.0
2.221000000000002,0.0
2.2220000000000018,0.0
2.2230000000000016,0.0
2.2240000000000015,0.0
2.225000000000002,0.0
2.2260000000000018,0.0
2.2270000000000016,0.0
2.2280000000000015,0.0
2.229000000000002,0.0
2.2300000000000018,0.0
2.2310000000000016,0.0
2.2320000000000015,0.0
2.233000000000002,0.0
2.2340000000000018,0.0
2.2350000000000017,0.0
2.2360000000000015,0.0
2.237000000000002,0.0
2.2380000000000018,0.0
2.2390000000000017,0.0
2.2400000000000015,0.0
2.241000000000002,0.0
2.2420000000000018,0.0
2.2430000000000017,0.0
2.2440000000000015,0.0
2.245000000000002,0.0
2.2460000000000018,0.0
2.2470000000000017,0.0
2.2480000000000016,0.0
2.249000000000002,0.0
2.2500000000000018,0.0
2.2510000000000017,0.0
2.2520000000000016,0.0
2.253000000000002,0.0
2.254000000000002,0.0
2.2550000000000017,0.0
2.2560000000000016,0.0
2.257000000000002,0.0
2.258000000000002,0.0
2.2590000000000017,0.0
2.2600000000000016,0.0
2.261000000000002,0.0
2.262000000000002,0.0
2.2630000000000017,0.0
2.2640000000000016,0.0
2.265000000000002,0.0
2.266000000000002,0.0
2.2670000000000017,0.0
2.2680000000000016,0.0
2.269000000000002,0.0
2.270000000000002,0.0
2.2710000000000017,0.0
2.2720000000000016,0.0
2.273000000000002,0.0
2.274000000000002,0.0
2.2750000000000017,0.0
2.2760000000000016,0.0
2.277000000000002,0.0
2.278000000000002,0.0
2.2790000000000017,0.0
2.2800000000000016,0.0
2.281000000000002,0.0
2.282000000000002,0.0
2.2830000000000017,0.0
2.2840000000000016,0.0
2.285000000000002,0.0
2.286000000000002,0.0
2.2870000000000017,0.0
2.2880000000000016,0.0
2.289000000000002,0.0
2.290000000000002,0.0
2.2910000000000017,0.0
2.2920000000000016,0.0
2.293000000000002,0.0
2.294000000000002,0.0
2.2950000000000017,0.0
2.2960000000000016,0.0
2.297000000000002,0.0
2.298000000000002,0.0
2.2990000000000017,0.0
2.3000000000000016,0.0
2.301000000000002,0.0
2.302000000000002,0.0
2.3030000000000017,0.0
2.3040000000000016,0.0
2.305000000000002,0.0
2.306000000000002,0.0
2.3070000000000017,0.0
2.3080000000000016,0.0
2.309000000000002,0.0
2.310000000000002,0.0
2.3110000000000017,0.0
2.3120000000000016,0.0
2.313000000000002,0.0
2.314000000000002,0.0
2.3150000000000017,0.0
2.3160000000000016,0.0
2.317000000000002,0.0
2.318000000000002,0.0
2.3190000000000017,0.0
2.3200000000000016,0.0
2.321000000000002,0.0
2.322000000000002,0.0
2.3230000000000017,0.0
2.3240000000000016,0.0
2.325000000000002,0.0
2.326000000000002,0.0
2.3270000000000017,0.0
2.3280000000000016,0.0
2.329000000000002,0.0
2.330000000000002,0.0
2.3310000000000017,0.0
2.3320000000000016,0.0
2.333000000000002,0.0
2.334000000000002,0.0
2.3350000000000017,0.0
2.3360000000000016,0.0
2.337000000000002,0.0
2.338000000000002,0.0
2.3390000000000017,0.0
2.3400000000000016,0.0
2.341000000000002,0.0
2.342000000000002,0.0
2.3430000000000017,0.0
2.3440000000000016,0.0
2.345000000000002,0.0
2.346000000000002,0.0
2.3470000000000018,0.0
2.3480000000000016,0.0
2.349000000000002,0.0
2.350000000000002,0.0
2.3510000000000018,0.0
2.3520000000000016,0.0
2.353000000000002,0.0
2.354000000000002,0.0
2.3550000000000018,0.0
2.3560000000000016,0.0
2.357000000000002,0.0
2.358000000000002,0.0
2.3590000000000018,0.0
2.3600000000000017,0.0
2.361000000000002,0.0
2.362000000000002,0.0
2.3630000000000018,0.0
2.3640000000000017,0.0
2.365000000000002,0.0
2.366000000000002,0.0
2.3670000000000018,0.0
2.3680000000000017,0.0
2.369000000000002,0.0
2.370000000000002,0.0
2.3710000000000018,0.0
2.3720000000000017,0.0
2.373000000000002,0.0
2.374000000000002,0.0
2.3750000000000018,0.0
2.3760000000000017,0.0
2.377000000000002,0.0
2.378000000000002,0.0
2.379000000000002,0.0
2.3800000000000017,0.0
2.381000000000002,0.0
2.382000000000002,0.0
2.383000000000002,0.0
2.3840000000000017,0.0
2.385000000000002,0.0
2.386000000000002,0.0
2.387000000000002,0.0
2.3880000000000017,0.0
2.389000000000002,0.0
2.390000000000002,0.0
2.391000000000002,0.0
2.3920000000000017,0.0
2.393000000000002,0.0
2.394000000000002,0.0
2.395000000000002,0.0
2.3960000000000017,0.0
2.397000000000002,0.0
2.398000000000002,0.0
2.399000000000002,0.0
2.4000000000000017,0.0
2.401000000000002,0.0
2.402000000000002,0.0
2.403000000000002,0.0
2.4040000000000017,0.0
2.405000000000002,0.0
2.406000000000002,0.0
2.407000000000002,0.0
2.4080000000000017,0.0
2.409000000000002,0.0
2.410000000000002,0.0
2.411000000000002,0.0
2.4120000000000017,0.0
2.413000000000002,0.0
2.414000000000002,0.0
2.415000000000002,0.0
2.4160000000000017,0.0
2.417000000000002,0.0
2.418000000000002,0.0
2.419000000000002,0.0
2.4200000000000017,0.0
2.421000000000002,0.0
2.422000000000002,0.0
2.423000000000002,0.0
2.4240000000000017,0.0
2.425000000000002,0.0
2.426000000000002,0.0
2.427000000000002,0.0
2.4280000000000017,0.0
2.429000000000002,0.0
2.430000000000002,0.0
2.431000000000002,0.0
2.4320000000000017,0.0
2.433000000000002,0.0
2.434000000000002,0.0
2.435000000000002,0.0
2.4360000000000017,0.0
2.437000000000002,0.0
2.438000000000002,0.0
2.439000000000002,0.0
2.4400000000000017,0.0
2.441000000000002,0.0
2.442000000000002,0.0
2.443000000000002,0.0
2.4440000000000017,0.0
2.445000000000002,0.0
2.446000000000002,0.0
2.447000000000002,0.0
2.4480000000000017,0.0
2.449000000000002,0.0
2.450000000000002,0.0
2.451000000000002,0.0
2.4520000000000017,0.0
2.453000000000002,0.0
2.454000000000002,0.0
2.455000000000002,0.0
2.4560000000000017,0.0
2.457000000000002,0.0
2.458000000000002,0.0
2.459000000000002,0.0
2.4600000000000017,0.0
2.461000000000002,0.0
2.462000000000002,0.0
2.463000000000002,0.0
2.4640000000000017,0.0
2.465000000000002,0.0
2.466000000000002,0.0
2.467000000000002,0.0
2.4680000000000017,0.0
2.469000000000002,0.0
2.470000000000002,0.0
2.471000000000002,0.0
2.4720000000000018,0.0
2.473000000000002,0.0
2.474000000000002,0.0
2.475000000000002,0.0
2.4760000000000018,0.0
2.477000000000002,0.0
2.478000000000002,0.0
2.479000000000002,0.0
2.4800000000000018,0.0
2.481000000000002,0.0
2.482000000000002,0.0
2.483000000000002,0.0
2.4840000000000018,0.0
2.485000000000002,0.0
2.486000000000002,0.0
2.487000000000002,0.0
2.4880000000000018,0.0
2.489000000000002,0.0
2.490000000000002,0.0
2.491000000000002,0.0
2.4920000000000018,0.0
2.493000000000002,0.0
2.494000000000002,0.0
2.495000000000002,0.0
2.4960000000000018,0.0
2.497000000000002,0.0
2.498000000000002,0.0
2.499000000000002,0.0
2.5000000000000018,0.0
2.501000000000002,0.0
2.502000000000002,0.0
2.503000000000002,0.0
2.504000000000002,0.0
2.505000000000002,0.0
2.506000000000002,0.0
2.507000000000002,0.0
2.508000000000002,0.0
2.509000000000002,0.0
2.510000000000002,0.0
2.511000000000002,0.0
2.512000000000002,0.0
2.513000000000002,0.0
2.514000000000002,0.0
2.515000000000002,0.0
2.516000000000002,0.0
2.517000000000002,0.0
2.518000000000002,0.0
2.519000000000002,0.0
2.520000000000002,0.0
2.521000000000002,0.0
2.522000000000002,0.0
2.523000000000002,0.0
2.524000000000002,0.0
2.525000000000002,0.0
2.526000000000002,0.0
2.527000000000002,0.0
2.528000000000002,0.0
2.529000000000002,0.0
2.530000000000002,0.0
2.531000000000002,0.0
2.532000000000002,0.0
2.533000000000002,0.0
2.534000000000002,0.0
2.535000000000002,0.0
2.536000000000002,0.0
2.537000000000002,0.0
2.538000000000002,0.0
2.539000000000002,0.0
2.540000000000002,0.0
2.541000000000002,0.0
2.542000000000002,0.0
2.543000000000002,0.0
2.544000000000002,0.0
2.545000000000002,0.0
2.546000000000002,0.0
2.547000000000002,0.0
2.548000000000002,0.0
2.549000000000002,0.0
2.550000000000002,0.0
2.551000000000002,0.0
2.552000000000002,0.0
2.553000000000002,0.0
2.554000000000002,0.0
2.555000000000002,0.0
2.556000000000002,0.0
2.557000000000002,0.0
2.558000000000002,0.0
2.559000000000002,0.0
2.560000000000002,0.0
2.561000000000002,0.0
2.562000000000002,0.0
2.563000000000002,0.0
2.564000000000002,0.0
2.565000000000002,0.0
2.566000000000002,0.0
2.567000000000002,0.0
2.568000000000002,0.0
2.569000000000002,0.0
2.570000000000002,0.0
2.571000000000002,0.0
2.572000000000002,0.0
2.573000000000002,0.0
2.574000000000002,0.0
2.575000000000002,0.0
2.576000000000002,0.0
2.577000000000002,0.0
2.578000000000002,0.0
2.579000000000002,0.0
2.580000000000002,0.0
2.581000000000002,0.0
2.582000000000002,0.0
2.583000000000002,0.0
2.584000000000002,0.0
2.585000000000002,0.0
2.586000000000002,0.0
2.587000000000002,0.0
2.588000000000002,0.0
2.589000000000002,0.0
2.590000000000002,0.0
2.591000000000002,0.0
2.592000000000002,0.0
2.593000000000002,0.0
2.594000000000002,0.0
2.595000000000002,0.0
2.596000000000002,0.0
2.597000000000002,0.0
2.598000000000002,0.0
2.599000000000002,0.0
2.600000000000002,0.0
2.601000000000002,0.0
2.602000000000002,0.0
2.603000000000002,0.0
2.604000000000002,0.0
2.605000000000002,0.0
2.606000000000002,0.0
2.607000000000002,0.0
2.608000000000002,0.0
2.609000000000002,0.0
2.610000000000002,0.0
2.611000000000002,0.0
2.612000000000002,0.0
2.613000000000002,0.0
2.614000000000002,0.0
2.615000000000002,0.0
2.616000000000002,0.0
2.617000000000002,0.0
2.618000000000002,0.0
2.619000000000002,0.0
2.620000000000002,0.0
2.621000000000002,0.0
2.622000000000002,0.0
2.623000000000002,0.0
2.624000000000002,0.0
2.625000000000002,0.0
2.626000000000002,0.0
2.627000000000002,0.0
2.628000000000002,0.0
2.6290000000000022,0.0
2.630000000000002,0.0
2.631000000000002,0.0
2.632000000000002,0.0
2.6330000000000022,0.0
2.634000000000002,0.0
2.635000000000002,0.0
2.636000000000002,0.0
2.6370000000000022,0.0
2.638000000000002,0.0
2.639000000000002,0.0
2.640000000000002,0.0
2.6410000000000022,0.0
2.642000000000002,0.0
2.643000000000002,0.0
2.644000000000002,0.0
2.6450000000000022,0.0
2.646000000000002,0.0
2.647000000000002,0.0
2.648000000000002,0.0
2.6490000000000022,0.0
2.650000000000002,0.0
2.651000000000002,0.0
2.652000000000002,0.0
2.6530000000000022,0.0
2.654000000000002,0.0
2.655000000000002,0.0
2.656000000000002,0.0
2.6570000000000022,0.0
2.658000000000002,0.0
2.659000000000002,0.0
2.660000000000002,0.0
2.6610000000000023,0.0
2.662000000000002,0.0
2.663000000000002,0.0
2.664000000000002,0.0
2.6650000000000023,0.0
2.666000000000002,0.0
2.667000000000002,0.0
2.668000000000002,0.0
2.6690000000000023,0.0
2.670000000000002,0.0
2.671000000000002,0.0
2.672000000000002,0.0
2.6730000000000023,0.0
2.674000000000002,0.0
2.675000000000002,0.0
2.676000000000002,0.0
2.6770000000000023,0.0
2.678000000000002,0.0
2.679000000000002,0.0
2.680000000000002,0.0
2.6810000000000023,0.0
2.682000000000002,0.0
2.683000000000002,0.0
2.684000000000002,0.0
2.6850000000000023,0.0
2.686000000000002,0.0
2.687000000000002,0.0
2.688000000000002,0.0
2.6890000000000023,0.0
2.690000000000002,0.0
2.691000000000002,0.0
2.692000000000002,0.0
2.6930000000000023,0.0
2.694000000000002,0.0
2.695000000000002,0.0
2.696000000000002,0.0
2.6970000000000023,0.0
2.698000000000002,0.0
2.699000000000002,0.0
2.700000000000002,0.0
2.7010000000000023,0.0
2.702000000000002,0.0
2.703000000000002,0.0
2.704000000000002,0.0
2.7050000000000023,0.0
2.706000000000002,0.0
2.707000000000002,0.0
2.708000000000002,0.0
2.7090000000000023,0.0
2.710000000000002,0.0
2.711000000000002,0.0
2.712000000000002,0.0
2.7130000000000023,0.0
2.714000000000002,0.0
2.715000000000002,0.0
2.716000000000002,0.0
2.7170000000000023,0.0
2.718000000000002,0.0
2.719000000000002,0.0
2.720000000000002,0.0
2.7210000000000023,0.0
2.722000000000002,0.0
2.723000000000002,0.0
2.724000000000002,0.0
2.7250000000000023,0.0
2.726000000000002,0.0
2.727000000000002,0.0
2.728000000000002,0.0
2.7290000000000023,0.0
2.730000000000002,0.0
2.731000000000002,0.0
2.732000000000002,0.0
2.7330000000000023,0.0
2.734000000000002,0.0
2.735000000000002,0.0
2.736000000000002,0.0
2.7370000000000023,0.0
2.738000000000002,0.0
2.739000000000002,0.0
2.740000000000002,0.0
2.7410000000000023,0.0
2.742000000000002,0.0
2.743000000000002,0.0
2.744000000000002,0.0
2.7450000000000023,0.0
2.746000000000002,0.0
2.747000000000002,0.0
2.748000000000002,0.0
2.7490000000000023,0.0
2.750000000000002,0.0
2.751000000000002,0.0
2.752000000000002,0.0
2.7530000000000023,0.0
2.7540000000000022,0.0
2.755000000000002,0.0
2.756000000000002,0.0
2.7570000000000023,0.0
2.7580000000000022,0.0
2.759000000000002,0.0
2.760000000000002,0.0
2.7610000000000023,0.0
2.7620000000000022,0.0
2.763000000000002,0.0
2.764000000000002,0.0
2.7650000000000023,0.0
2.7660000000000022,0.0
2.767000000000002,0.0
2.768000000000002,0.0
2.7690000000000023,0.0
2.7700000000000022,0.0
2.771000000000002,0.0
2.772000000000002,0.0
2.7730000000000024,0.0
2.7740000000000022,0.0
2.775000000000002,0.0
2.776000000000002,0.0
2.7770000000000024,0.0
2.7780000000000022,0.0
2.779000000000002,0.0
2.780000000000002,0.0
2.7810000000000024,0.0
2.7820000000000022,0.0
2.783000000000002,0.0
2.784000000000002,0.0
2.7850000000000024,0.0
2.7860000000000023,0.0
2.787000000000002,0.0
2.788000000000002,0.0
2.7890000000000024,0.0
2.7900000000000023,0.0
2.791000000000002,0.0
2.792000000000002,0.0
2.7930000000000024,0.0
2.7940000000000023,0.0
2.795000000000002,0.0
2.796000000000002,0.0
2.7970000000000024,0.0
2.7980000000000023,0.0
2.799000000000002,0.0
2.800000000000002,0.0
2.8010000000000024,0.0
2.8020000000000023,0.0
2.803000000000002,0.0
2.804000000000002,0.0
2.8050000000000024,0.0
2.8060000000000023,0.0
2.807000000000002,0.0
2.808000000000002,0.0
2.8090000000000024,0.0
2.8100000000000023,0.0
2.811000000000002,0.0
2.812000000000002,0.0
2.8130000000000024,0.0
2.8140000000000023,0.0
2.815000000000002,0.0
2.816000000000002,0.0
2.8170000000000024,0.0
2.8180000000000023,0.0
2.819000000000002,0.0
2.820000000000002,0.0
2.8210000000000024,0.0
2.8220000000000023,0.0
2.823000000000002,0.0
2.824000000000002,0.0
2.8250000000000024,0.0
2.8260000000000023,0.0
2.827000000000002,0.0
2.828000000000002,0.0
2.8290000000000024,0.0
2.8300000000000023,0.0
2.831000000000002,0.0
2.832000000000002,0.0
2.8330000000000024,0.0
2.8340000000000023,0.0
2.835000000000002,0.0
2.836000000000002,0.0
2.8370000000000024,0.0
2.8380000000000023,0.0
2.839000000000002,0.0
2.840000000000002,0.0
2.8410000000000024,0.0
2.8420000000000023,0.0
2.843000000000002,0.0
2.844000000000002,0.0
2.8450000000000024,0.0
2.8460000000000023,0.0
2.847000000000002,0.0
2.848000000000002,0.0
2.8490000000000024,0.0
2.8500000000000023,0.0
2.851000000000002,0.0
2.852000000000002,0.0
2.8530000000000024,0.0
2.8540000000000023,0.0
2.855000000000002,0.0
2.856000000000002,0.0
2.8570000000000024,0.0
2.8580000000000023,0.0
2.859000000000002,0.0
2.860000000000002,0.0
2.8610000000000024,0.0
2.8620000000000023,0.0
2.863000000000002,0.0
2.864000000000002,0.0
2.8650000000000024,0.0
2.8660000000000023,0.0
2.867000000000002,0.0
2.868000000000002,0.0
2.8690000000000024,0.0
2.8700000000000023,0.0
2.871000000000002,0.0
2.872000000000002,0.0
2.8730000000000024,0.0
2.8740000000000023,0.0
2.875000000000002,0.0
2.876000000000002,0.0
2.8770000000000024,0.0
2.8780000000000023,0.0
2.8790000000000022,0.0
2.880000000000002,0.0
2.8810000000000024,0.0
2.8820000000000023,0.0
2.8830000000000022,0.0
2.884000000000002,0.0
2.8850000000000025,0.0
2.8860000000000023,0.0
2.8870000000000022,0.0
2.888000000000002,0.0
2.8890000000000025,0.0
2.8900000000000023,0.0
2.8910000000000022,0.0
2.892000000000002,0.0
2.8930000000000025,0.0
2.8940000000000023,0.0
2.8950000000000022,0.0
2.896000000000002,0.0
2.8970000000000025,0.0
2.8980000000000024,0.0
2.8990000000000022,0.0
2.900000000000002,0.0
2.9010000000000025,0.0
2.9020000000000024,0.0
2.9030000000000022,0.0
2.904000000000002,0.0
2.9050000000000025,0.0
2.9060000000000024,0.0
2.9070000000000022,0.0
2.908000000000002,0.0
2.9090000000000025,0.0
2.9100000000000024,0.0
2.9110000000000023,0.0
2.912000000000002,0.0
2.9130000000000025,0.0
2.9140000000000024,0.0
2.9150000000000023,0.0
2.916000000000002,0.0
2.9170000000000025,0.0
2.9180000000000024,0.0
2.9190000000000023,0.0
2.920000000000002,0.0
2.9210000000000025,0.0
2.9220000000000024,0.0
2.9230000000000023,0.0
2.924000000000002,0.0
2.9250000000000025,0.0
2.9260000000000024,0.0
2.9270000000000023,0.0
2.928000000000002,0.0
2.9290000000000025,0.0
2.9300000000000024,0.0
2.9310000000000023,0.0
2.932000000000002,0.0
2.9330000000000025,0.0
2.9340000000000024,0.0
2.9350000000000023,0.0
2.936000000000002,0.0
2.9370000000000025,0.0
2.9380000000000024,0.0
2.9390000000000023,0.0
2.940000000000002,0.0
2.9410000000000025,0.0
2.9420000000000024,0.0
2.9430000000000023,0.0
2.944000000000002,0.0
2.9450000000000025,0.0
2.9460000000000024,0.0
2.9470000000000023,0.0
2.948000000000002,0.0
2.9490000000000025,0.0
2.9500000000000024,0.0
2.9510000000000023,0.0
2.952000000000002,0.0
2.9530000000000025,0.0
2.9540000000000024,0.0
2.9550000000000023,0.0
2.956000000000002,0.0
2.9570000000000025,0.0
2.9580000000000024,0.0
2.9590000000000023,0.0
2.960000000000002,0.0
2.9610000000000025,0.0
2.9620000000000024,0.0
2.9630000000000023,0.0
2.964000000000002,0.0
2.9650000000000025,0.0
2.9660000000000024,0.0
2.9670000000000023,0.0
2.968000000000002,0.0
2.9690000000000025,0.0
2.9700000000000024,0.0
2.9710000000000023,0.0
2.972000000000002,0.0
2.9730000000000025,0.0
2.9740000000000024,0.0
2.9750000000000023,0.0
2.976000000000002,0.0
2.9770000000000025,0.0
2.9780000000000024,0.0
2.9790000000000023,0.0
2.980000000000002,0.0
2.9810000000000025,0.0
2.9820000000000024,0.0
2.9830000000000023,0.0
2.984000000000002,0.0
2.9850000000000025,0.0
2.9860000000000024,0.0
2.9870000000000023,0.0
2.988000000000002,0.0
2.9890000000000025,0.0
2.9900000000000024,0.0
2.9910000000000023,0.0
2.992000000000002,0.0
2.9930000000000025,0.0
2.9940000000000024,0.0
2.9950000000000023,0.0
2.996000000000002,0.0
2.9970000000000026,0.0
2.9980000000000024,0.0
2.9990000000000023,0.0
