0.3,0.0
0.301,0.0
0.302,0.0
0.303,0.0
0.304,0.0
0.305,0.0
0.306,0.0
0.307,0.0
0.308,0.0
0.309,0.0
0.31,0.0
0.311,0.0
0.312,0.0
0.313,0.0
0.314,0.0
0.315,0.0
0.316,0.0
0.317,0.0
0.318,0.0
0.319,0.0
0.32,0.0
0.321,0.0
0.322,0.0
0.323,0.0
0.324,0.0
0.325,0.0
0.326,0.0
0.327,0.0
0.328,0.0
0.329,0.0
0.33,0.0
0.331,0.0
0.332,0.0
0.333,0.0
0.334,0.0
0.335,0.0
0.336,0.0
0.337,0.0
0.338,0.0
0.339,0.0
0.34,0.0
0.341,0.0
0.342,0.0
0.343,0.0
0.34400000000000003,0.0
0.34500000000000003,0.0
0.34600000000000003,0.0
0.34700000000000003,0.0
0.34800000000000003,0.0
0.34900000000000003,0.0
0.35000000000000003,0.0
0.35100000000000003,0.0
0.35200000000000004,0.0
0.35300000000000004,0.0
0.35400000000000004,0.0
0.35500000000000004,0.0
0.35600000000000004,0.0
0.35700000000000004,0.0
0.35800000000000004,0.0
0.35900000000000004,0.0
0.36000000000000004,0.0
0.36100000000000004,0.0
0.36200000000000004,0.0
0.36300000000000004,0.0
0.36400000000000005,0.0
0.36500000000000005,0.0
0.36600000000000005,0.0
0.36700000000000005,0.0
0.36800000000000005,0.0
0.36900000000000005,0.0
0.37000000000000005,0.0
0.37100000000000005,0.0
0.37200000000000005,0.0
0.37300000000000005,0.0
0.37400000000000005,0.0
0.37500000000000006,0.0
0.37600000000000006,0.0
0.37700000000000006,0.0
0.37800000000000006,0.0
0.37900000000000006,0.0
0.38000000000000006,0.0
0.38100000000000006,0.0
0.38200000000000006,0.0
0.38300000000000006,0.0
0.38400000000000006,0.0
0.38500000000000006,0.0
0.38600000000000007,0.0
0.38700000000000007,0.0
0.38800000000000007,0.0
0.38900000000000007,0.0013999788801351528
0.39000000000000007,0.0007756702677311551
0.39100000000000007,0.000390600054211738
0.39200000000000007,0.0007671459365488837
0.39300000000000007,0.001918153117844093
0.3940000000000001,0.002649348395925234
0.3950000000000001,0.002657488402068231
0.3960000000000001,0.0035905625388307095
0.3970000000000001,0.007362066914869512
0.3980000000000001,0.022402159462381867
0.3990000000000001,0.08965667470661318
0.4000000000000001,0.2624243710203252
0.4010000000000001,0.4135486436062786
0.4020000000000001,0.5474936279021569
0.4030000000000001,0.6260016018053267
0.4040000000000001,0.6257300861107591
0.4050000000000001,0.6233053097726002
0.4060000000000001,0.6316789614217567
0.4070000000000001,0.6401043305350049
0.4080000000000001,0.6459825277784683
0.4090000000000001,0.6471060578388416
0.4100000000000001,0.6429395619250912
0.4110000000000001,0.639505742483946
0.4120000000000001,0.6429112319493354
0.4130000000000001,0.6467861055686592
0.4140000000000001,0.6435321159727614
0.4150000000000001,0.6383370932819153
0.4160000000000001,0.6393436685029246
0.4170000000000001,0.6457465033522459
0.4180000000000001,0.6510905315443702
0.4190000000000001,0.6515894644967015
0.4200000000000001,0.6494478744126628
0.4210000000000001,0.6484264674761073
0.4220000000000001,0.6497614073057182
0.4230000000000001,0.649541798746458
0.4240000000000001,0.6474494641043652
0.4250000000000001,0.645224745777184
0.4260000000000001,0.6451254308461022
0.4270000000000001,0.6471006594939473
0.4280000000000001,0.6477760457057021
0.4290000000000001,0.6455447254145272
0.4300000000000001,0.642146106090968
0.4310000000000001,0.6405282410019832
0.4320000000000001,0.6428858249510518
0.4330000000000001,0.6480776196855984
0.4340000000000001,0.6516016825952259
0.4350000000000001,0.6515458026579701
0.4360000000000001,0.6479333450347639
0.4370000000000001,0.6448150884992919
0.4380000000000001,0.6441939256336632
0.4390000000000001,0.6463335725970891
0.4400000000000001,0.6489528339400509
0.4410000000000001,0.6495465077710535
0.4420000000000001,0.6476133993885848
0.4430000000000001,0.6456488160491813
0.4440000000000001,0.6443470399149215
0.4450000000000001,0.6453372728016005
0.4460000000000001,0.6474503551130197
0.4470000000000001,0.648834704983531
0.4480000000000001,0.648591660883395
0.4490000000000001,0.6467733785893076
0.4500000000000001,0.6446254246154781
0.4510000000000001,0.6428632714587437
0.4520000000000001,0.6417492811867159
0.4530000000000001,0.640890459754638
0.4540000000000001,0.6404213866835664
0.4550000000000001,0.6397546967734572
0.4560000000000001,0.6397599873417129
0.45700000000000013,0.6400942005788685
0.45800000000000013,0.6401181069712715
0.45900000000000013,0.6394647797165498
0.46000000000000013,0.6384489095018547
0.46100000000000013,0.637146135944244
0.46200000000000013,0.6359574439692213
0.46300000000000013,0.6352881253016103
0.46400000000000013,0.6355697660845524
0.46500000000000014,0.6361147827883883
0.46600000000000014,0.6365058951379823
0.46700000000000014,0.6371184401127588
0.46800000000000014,0.6367247151726669
0.46900000000000014,0.6362959689102357
0.47000000000000014,0.6353099458882014
0.47100000000000014,0.634407104582505
0.47200000000000014,0.6335906282748314
0.47300000000000014,0.6330647793020492
0.47400000000000014,0.6332933388967228
0.47500000000000014,0.6337398788569926
0.47600000000000015,0.6341529210145129
0.47700000000000015,0.63413377274333
0.47800000000000015,0.6335703297058167
0.47900000000000015,0.632874602192031
0.48000000000000015,0.6323049347357138
0.48100000000000015,0.6323022864208966
0.48200000000000015,0.6324901427536899
0.48300000000000015,0.63301702616437
0.48400000000000015,0.6328408565508439
0.48500000000000015,0.6317830186989648
0.48600000000000015,0.6298957116421081
0.48700000000000015,0.6285135719475847
0.48800000000000016,0.6279447361880107
0.48900000000000016,0.6283203210087044
0.49000000000000016,0.6290912327418824
0.49100000000000016,0.6295048618145138
0.49200000000000016,0.6292468745328699
0.49300000000000016,0.628125638359277
0.49400000000000016,0.6267056135106466
0.49500000000000016,0.6258547536574349
0.49600000000000016,0.626481381679773
0.49700000000000016,0.6281026892504542
0.49800000000000016,0.6300477770361438
0.49900000000000017,0.6316753622911917
0.5000000000000002,0.6319766285910765
0.5010000000000001,0.6310417201847218
0.5020000000000002,0.6294960112656774
0.5030000000000001,0.6284252731858869
0.5040000000000002,0.6280184140213793
0.5050000000000001,0.6284167160953041
0.5060000000000002,0.6289436567529332
0.5070000000000001,0.6288849827161073
0.5080000000000002,0.6276778405022084
0.5090000000000001,0.6255702620670468
0.5100000000000002,0.6234717607321454
0.5110000000000001,0.6220557912605007
0.5120000000000002,0.6220551315497531
0.5130000000000001,0.6234048988645544
0.5140000000000002,0.6249962127720209
0.5150000000000001,0.626387264742433
0.5160000000000002,0.6262890449576863
0.5170000000000001,0.6250274506697167
0.5180000000000002,0.6230338192927465
0.5190000000000001,0.6212352083229602
0.5200000000000002,0.6205881131582381
0.5210000000000001,0.6213781614311147
0.5220000000000002,0.623129210519119
0.5230000000000001,0.6252639162258596
0.5240000000000002,0.6268113182471409
0.5250000000000001,0.6266840960910698
0.5260000000000002,0.625062471447735
0.5270000000000001,0.6235846352209283
0.5280000000000002,0.6218556366465273
0.5290000000000001,0.6211961946913579
0.5300000000000002,0.6218720650352471
0.5310000000000001,0.623904289127722
0.5320000000000003,0.6260321055782235
0.5330000000000001,0.6274893021111817
0.5340000000000003,0.6276905471786699
0.5350000000000001,0.6267890467813968
0.5360000000000003,0.6261732114376982
0.5370000000000001,0.625338652959538
0.5380000000000003,0.625173746290226
0.5390000000000001,0.6257981196096111
0.5400000000000003,0.6272447945842197
0.5410000000000001,0.627915003480605
0.5420000000000003,0.6283629428214361
0.5430000000000001,0.6274829073510215
0.5440000000000003,0.6249887366814366
0.5450000000000002,0.6146260024884853
0.5460000000000003,0.5878170621573244
0.5470000000000002,0.5296107512951982
0.5480000000000003,0.4351540506741417
0.5490000000000002,0.32175071156812945
0.5500000000000003,0.21715557222259196
0.5510000000000002,0.1385911311086541
0.5520000000000003,0.08668246203358927
0.5530000000000002,0.05415406846600897
0.5540000000000003,0.03429147553105125
0.5550000000000002,0.022099104666475872
0.5560000000000003,0.014554524164012508
0.5570000000000002,0.009778851917682208
0.5580000000000003,0.006717144910265326
0.5590000000000002,0.004690213004312849
0.5600000000000003,0.0033272559195496884
0.5610000000000002,0.002415219450182223
0.5620000000000003,0.0017806262398635212
0.5630000000000002,0.0013347156010924458
0.5640000000000003,0.0010150223224569678
0.5650000000000002,0.0007897309283676008
0.5660000000000003,0.0006229528786912813
0.5670000000000002,0.0005024206048316808
0.5680000000000003,0.0004133141888527984
0.5690000000000002,0.000345694847177457
0.5700000000000003,0.0002981089819003824
0.5710000000000002,0.0002634410827509247
0.5720000000000003,0.0002490084949327006
0.5730000000000002,0.00023867651484868634
0.5740000000000003,0.00023824870398004726
0.5750000000000002,0.00024663544888200485
0.5760000000000003,0.00026235246044979866
0.5770000000000002,0.0002930113570218083
0.5780000000000003,0.0003307066200463464
0.5790000000000002,0.00038444006565014325
0.5800000000000003,0.0004466996888911267
0.5810000000000002,0.000530790923651677
0.5820000000000003,0.0006353073672237131
0.5830000000000002,0.0007676015619310221
0.5840000000000003,0.0009486970828831031
0.5850000000000002,0.0012102296312477324
0.5860000000000003,0.0016045854965379873
0.5870000000000002,0.0021393840293303453
0.5880000000000003,0.0025603859926377286
0.5890000000000002,0.002274693239554228
0.5900000000000003,0.00139882357272794
0.5910000000000002,0.0006873781959429372
0.5920000000000003,0.00030706548901420465
0.5930000000000002,0.00010689073333607869
0.5940000000000003,3.282527457676428e-06
0.5950000000000002,0.0
0.5960000000000003,0.0
0.5970000000000002,0.0
0.5980000000000003,0.0
0.5990000000000002,0.0
0.6000000000000003,0.0
0.6010000000000002,0.0
0.6020000000000003,0.0
0.6030000000000002,0.0
0.6040000000000003,0.0
0.6050000000000002,0.0
0.6060000000000003,0.0
0.6070000000000002,0.0
0.6080000000000003,0.0
0.6090000000000002,0.0
0.6100000000000003,0.0
0.6110000000000002,0.0
0.6120000000000003,0.0
0.6130000000000002,0.0
0.6140000000000003,0.0
0.6150000000000002,0.0
0.6160000000000003,0.0
0.6170000000000002,0.0
0.6180000000000003,0.0
0.6190000000000002,0.0
0.6200000000000003,0.0
0.6210000000000002,0.0
0.6220000000000003,0.0
0.6230000000000002,0.0
0.6240000000000003,0.0
0.6250000000000002,0.0
0.6260000000000003,4.651672498334932e-05
0.6270000000000002,0.0001632822392102681
0.6280000000000003,0.00043518942957602194
0.6290000000000002,0.0011669591249684674
0.6300000000000003,0.0021619833730064444
0.6310000000000002,0.0012535783342576086
0.6320000000000003,0.00038941429948581986
0.6330000000000002,9.795218098754068e-05
0.6340000000000003,0.0
0.6350000000000002,0.0
0.6360000000000003,0.0
0.6370000000000002,0.0
0.6380000000000003,0.0
0.6390000000000002,0.0
0.6400000000000003,0.0
0.6410000000000002,0.0
0.6420000000000003,0.0
0.6430000000000002,0.0
0.6440000000000003,0.0
0.6450000000000002,0.0
0.6460000000000004,0.0
0.6470000000000002,0.0
0.6480000000000004,0.0
0.6490000000000002,0.0
0.6500000000000004,0.0
0.6510000000000002,0.0
0.6520000000000004,0.0
0.6530000000000002,0.0
0.6540000000000004,0.00020886540109689292
0.6550000000000002,0.0018810747634012805
0.6560000000000004,0.004337605639474103
0.6570000000000003,0.0003992465838591578
0.6580000000000004,0.0
0.6590000000000003,0.0
0.6600000000000004,0.0
0.6610000000000003,0.0
0.6620000000000004,0.0
0.6630000000000003,0.0
0.6640000000000004,0.0
0.6650000000000003,0.0
0.6660000000000004,0.0
0.6670000000000003,0.0
0.6680000000000004,0.0
0.6690000000000003,0.0
0.6700000000000004,0.0
0.6710000000000003,0.0
0.6720000000000004,0.0
0.6730000000000003,0.0
0.6740000000000004,0.0
0.6750000000000003,0.0
0.6760000000000004,0.0
0.6770000000000003,0.0
0.6780000000000004,0.0
0.6790000000000003,0.0
0.6800000000000004,0.0
0.6810000000000003,0.0
0.6820000000000004,0.0
0.6830000000000003,0.0
0.6840000000000004,0.0
0.6850000000000003,0.0
0.6860000000000004,0.0
0.6870000000000003,0.0
0.6880000000000004,0.0
0.6890000000000003,0.0
0.6900000000000004,0.0
0.6910000000000003,0.0
0.6920000000000004,0.0
0.6930000000000003,0.0
0.6940000000000004,0.0
0.6950000000000003,0.0
0.6960000000000004,0.0
0.6970000000000003,0.0
0.6980000000000004,0.0
0.6990000000000003,0.0
0.7000000000000004,0.0
0.7010000000000003,0.0
0.7020000000000004,0.0
0.7030000000000003,0.0
0.7040000000000004,0.0
0.7050000000000003,0.0
0.7060000000000004,0.0
0.7070000000000003,0.0
0.7080000000000004,0.0
0.7090000000000003,0.0
0.7100000000000004,0.0
0.7110000000000003,0.0
0.7120000000000004,0.0
0.7130000000000003,0.0
0.7140000000000004,0.00015346487037349275
0.7150000000000003,0.0007849450635674141
0.7160000000000004,0.0011722513934804282
0.7170000000000003,0.0003541601809783685
0.7180000000000004,4.2775222335022514e-05
0.7190000000000003,0.0
0.7200000000000004,0.0
0.7210000000000003,0.0
0.7220000000000004,0.0
0.7230000000000003,0.0
0.7240000000000004,0.0
0.7250000000000003,0.0
0.7260000000000004,0.0
0.7270000000000003,0.0
0.7280000000000004,0.0
0.7290000000000003,0.0
0.7300000000000004,0.0
0.7310000000000003,0.0
0.7320000000000004,0.0
0.7330000000000003,0.0
0.7340000000000004,0.0
0.7350000000000003,0.0
0.7360000000000004,0.0
0.7370000000000003,0.0
0.7380000000000004,0.0
0.7390000000000003,0.0
0.7400000000000004,0.0
0.7410000000000003,0.0
0.7420000000000004,0.0
0.7430000000000003,0.0
0.7440000000000004,0.0
0.7450000000000003,0.0
0.7460000000000004,0.0
0.7470000000000003,4.6328814843896365e-05
0.7480000000000004,9.295915863293268e-05
0.7490000000000003,0.00014753745594022787
0.7500000000000004,0.00020832410329503463
0.7510000000000003,0.0002590439253275013
0.7520000000000004,0.0002902079488936977
0.7530000000000003,0.00031590085666100443
0.7540000000000004,0.0003205181841842227
0.7550000000000003,0.0003312548207330678
0.7560000000000004,0.000327129287511545
0.7570000000000003,0.0003202898599976693
0.7580000000000005,0.0003205280795800081
0.7590000000000003,0.00030100537182387434
0.7600000000000005,0.00027940340356420165
0.7610000000000003,0.00025165733731051504
0.7620000000000005,0.00023534638628807463
0.7630000000000003,0.00020404975431541852
0.7640000000000005,0.000176199819807328
0.7650000000000003,0.00014954403283576817
0.7660000000000005,0.0001149454316981769
0.7670000000000003,8.942624410214915e-05
0.7680000000000005,6.322420449897654e-05
0.7690000000000003,3.773247287970994e-05
0.7700000000000005,5.045279213229824e-06
0.7710000000000004,0.0
0.7720000000000005,0.0
0.7730000000000004,0.0
0.7740000000000005,0.0
0.7750000000000004,0.0
0.7760000000000005,0.0
0.7770000000000004,0.0
0.7780000000000005,0.0
0.7790000000000004,0.0
0.7800000000000005,0.0
0.7810000000000004,0.0
0.7820000000000005,0.0
0.7830000000000004,0.0
0.7840000000000005,0.0
0.7850000000000004,0.0
0.7860000000000005,0.0
0.7870000000000004,0.0
0.7880000000000005,0.0
0.7890000000000004,0.0
0.7900000000000005,0.0
0.7910000000000004,0.0
0.7920000000000005,0.0
0.7930000000000004,0.0
0.7940000000000005,0.0
0.7950000000000004,0.0
0.7960000000000005,0.0
0.7970000000000004,0.0
0.7980000000000005,0.0
0.7990000000000004,0.0
0.8000000000000005,0.0
0.8010000000000004,0.0
0.8020000000000005,0.0
0.8030000000000004,0.0
0.8040000000000005,0.0
0.8050000000000004,0.0
0.8060000000000005,0.0
0.8070000000000004,0.0
0.8080000000000005,0.0
0.8090000000000004,0.0
0.8100000000000005,0.0
0.8110000000000004,0.0
0.8120000000000005,0.0
0.8130000000000004,0.0
0.8140000000000005,0.0
0.8150000000000004,0.0
0.8160000000000005,0.0
0.8170000000000004,0.0
0.8180000000000005,0.0
0.8190000000000004,0.0
0.8200000000000005,0.0004980948062803552
0.8210000000000004,0.0005007016146800203
0.8220000000000005,0.0005171465783758731
0.8230000000000004,0.0005123228439885053
0.8240000000000005,0.0004971831685030071
0.8250000000000004,0.000505227028236485
0.8260000000000005,0.0004951425034808368
0.8270000000000004,0.0004813919561437409
0.8280000000000005,0.0004721538763425895
0.8290000000000004,0.00047910541951740857
0.8300000000000005,0.0004575081773258435
0.8310000000000004,0.0004762637980988095
0.8320000000000005,0.0004580010355449769
0.8330000000000004,0.0004658664150635679
0.8340000000000005,0.00048173902965254275
0.8350000000000004,0.000458471971204636
0.8360000000000005,0.00044715480090421855
0.8370000000000004,0.0004417416392089828
0.8380000000000005,0.00045742595709844533
0.8390000000000004,0.00045571697548464244
0.8400000000000005,0.000442778824271988
0.8410000000000004,0.0004619129038629653
0.8420000000000005,0.00047544880848810085
0.8430000000000004,0.0004834253455733476
0.8440000000000005,0.0004688535291068231
0.8450000000000004,0.0004708431993790033
0.8460000000000005,0.00045614436016952606
0.8470000000000004,0.0004559697946782866
0.8480000000000005,0.0004452163364177669
0.8490000000000004,0.0004490681957832472
0.8500000000000005,0.0004462530170246351
0.8510000000000004,0.0004524605884065522
0.8520000000000005,0.000450136465194029
0.8530000000000004,0.0004570362409468066
0.8540000000000005,0.000441377023436947
0.8550000000000004,0.0004553694248175878
0.8560000000000005,0.00044657492031323776
0.8570000000000004,0.0004506517518957825
0.8580000000000005,0.00045016177817705077
0.8590000000000004,0.0004465753292777187
0.8600000000000005,0.0004326079355306203
0.8610000000000004,0.00042948223401055325
0.8620000000000005,0.0004456964906249088
0.8630000000000004,0.0004306464923799687
0.8640000000000005,0.0004425909416608906
0.8650000000000004,0.00044881958334153966
0.8660000000000005,0.00041672451863726057
0.8670000000000004,0.00043207974243989904
0.8680000000000005,0.0004326270563882347
0.8690000000000004,0.00043552317681024304
0.8700000000000006,0.0004406281287507218
0.8710000000000004,0.0004255047427574202
0.8720000000000006,0.00042484954191969687
0.8730000000000004,0.0004220588332452256
0.8740000000000006,0.0004297501551061529
0.8750000000000004,0.00043318707956135335
0.8760000000000006,0.00043566791659196193
0.8770000000000004,0.0004213266895405846
0.8780000000000006,0.0004149353011145224
0.8790000000000004,0.0003956614769996251
0.8800000000000006,0.0004266576727124053
0.8810000000000004,0.0004077621848625521
0.8820000000000006,0.00039460564367038806
0.8830000000000005,0.000392646254904068
0.8840000000000006,0.00039253433200797997
0.8850000000000005,0.0003909876171852592
0.8860000000000006,0.0003951730463268311
0.8870000000000005,0.00041417690300082444
0.8880000000000006,0.0003915187186845235
0.8890000000000005,0.00037696861589869835
0.8900000000000006,0.0003863784321120598
0.8910000000000005,0.0003953345275597679
0.8920000000000006,0.00037589658609829237
0.8930000000000005,0.000392526525915668
0.8940000000000006,0.0004094303139291763
0.8950000000000005,0.000367543503166774
0.8960000000000006,0.00039644440188841754
0.8970000000000005,0.00038285634257531495
0.8980000000000006,0.00038701212917450773
0.8990000000000005,0.00038493247354078514
0.9000000000000006,0.0003702247200173248
0.9010000000000005,0.0003693207835981669
0.9020000000000006,0.0003783134514699805
0.9030000000000005,0.00037773946139201073
0.9040000000000006,0.00035258010175496726
0.9050000000000005,0.0003507023266738109
0.9060000000000006,0.00035795040438989906
0.9070000000000005,0.00036565352088337475
0.9080000000000006,0.000354625184320444
0.9090000000000005,0.0003617863428019517
0.9100000000000006,0.0003502240963391436
0.9110000000000005,0.00034981155927260723
0.9120000000000006,0.0003519628630357886
0.9130000000000005,0.00036851463069956524
0.9140000000000006,0.00036090194977502594
0.9150000000000005,0.0003450084052022023
0.9160000000000006,0.0003388513628264116
0.9170000000000005,0.0003498098289879956
0.9180000000000006,0.0003539411142794784
0.9190000000000005,0.0003258163457211124
0.9200000000000006,0.00033042073102313346
0.9210000000000005,0.000329108310277198
0.9220000000000006,0.0003364285207122129
0.9230000000000005,0.0003342750746892408
0.9240000000000006,0.00033626364079551117
0.9250000000000005,0.00032001359425456885
0.9260000000000006,0.00033925523762338126
0.9270000000000005,0.00031958731714583935
0.9280000000000006,0.0003137241228442412
0.9290000000000005,0.0003007906433980498
0.9300000000000006,0.0003061024774151375
0.9310000000000005,0.00030469074486693103
0.9320000000000006,0.0003060676560487368
0.9330000000000005,0.0003038849411547328
0.9340000000000006,0.0002841629896336448
0.9350000000000005,0.0003069078863804595
0.9360000000000006,0.0003013851576329885
0.9370000000000005,0.0003020122910827247
0.9380000000000006,0.00029162932461694607
0.9390000000000005,0.0002967727949479614
0.9400000000000006,0.00029061167714100334
0.9410000000000005,0.0002919770970757632
0.9420000000000006,0.0002791407306507568
0.9430000000000005,0.0002888988529186459
0.9440000000000006,0.0002831488875725674
0.9450000000000005,0.0002722573179135923
0.9460000000000006,0.00027573172156098504
0.9470000000000005,0.0002749719971535556
0.9480000000000006,0.00026054378400970743
0.9490000000000005,0.0002703798959338073
0.9500000000000006,0.0002497987251613931
0.9510000000000005,0.0002522755547346806
0.9520000000000006,0.0002555714452263186
0.9530000000000005,0.0002575674478028656
0.9540000000000006,0.00025145288178751843
0.9550000000000005,0.000243373992786363
0.9560000000000006,0.0002484209847351949
0.9570000000000005,0.0002341633450391919
0.9580000000000006,0.00024468088118833687
0.9590000000000005,0.00024083951429063923
0.9600000000000006,0.0002367084236899782
0.9610000000000005,0.00024256450148003655
0.9620000000000006,0.00021892988926852416
0.9630000000000005,0.0002275778753615295
0.9640000000000006,0.00022829005320171582
0.9650000000000005,0.00022369219735631063
0.9660000000000006,0.00022880329093379146
0.9670000000000005,0.00023249492835762642
0.9680000000000006,0.00022452903689545005
0.9690000000000005,0.00021569835514417154
0.9700000000000006,0.00022106339909246914
0.9710000000000005,0.00020579498494963344
0.9720000000000006,0.00020963575931492908
0.9730000000000005,0.0002078377348585206
0.9740000000000006,0.00020173246466627682
0.9750000000000005,0.00020428952847793862
0.9760000000000006,0.0001923266624567892
0.9770000000000005,0.00019061281623116084
0.9780000000000006,0.00018288994817708566
0.9790000000000005,0.0001815080801779598
0.9800000000000006,0.00018056454903276242
0.9810000000000005,0.0001779084106702759
0.9820000000000007,0.00017262172212580005
0.9830000000000005,0.0001729040071304493
0.9840000000000007,0.0001745368475895671
0.9850000000000005,0.00017023090502407681
0.9860000000000007,0.00016783783981346259
0.9870000000000005,0.00016289788515342623
0.9880000000000007,0.00015718893702663527
0.9890000000000005,0.0001537900525064751
0.9900000000000007,0.00014646728519283382
0.9910000000000005,0.00015242795303256718
0.9920000000000007,0.00014929317030532615
0.9930000000000005,0.00014458020527021394
0.9940000000000007,0.00014552175681690024
0.9950000000000006,0.00014096695770274558
0.9960000000000007,0.00013603338028949375
0.9970000000000006,0.00014196920159532622
0.9980000000000007,0.00012665392995011267
0.9990000000000006,0.0001343458835124268
1.0000000000000007,0.0001284874716817796
1.0010000000000006,0.00012948641195321682
1.0020000000000007,0.0001226138893362317
1.0030000000000006,0.00012149405323353116
1.0040000000000007,0.0001224193790432234
1.0050000000000006,0.00012432495815128353
1.0060000000000007,0.00012056628829895117
1.0070000000000006,0.0001181709919797999
1.0080000000000007,0.00011664104220461735
1.0090000000000006,0.0001062174673674504
1.0100000000000007,0.00011784999584974867
1.0110000000000006,0.00011038426643809665
1.0120000000000007,0.00010767974686246755
1.0130000000000006,0.00010139383707200799
1.0140000000000007,9.430616413080213e-05
1.0150000000000006,9.539525056663452e-05
1.0160000000000007,9.15608461687953e-05
1.0170000000000006,8.682411140330792e-05
1.0180000000000007,8.170853680257643e-05
1.0190000000000006,8.428767069504058e-05
1.0200000000000007,8.226671293555574e-05
1.0210000000000006,7.443614764831797e-05
1.0220000000000007,7.381241043580702e-05
1.0230000000000006,7.416416816830119e-05
1.0240000000000007,7.197539096163319e-05
1.0250000000000006,6.837189437378936e-05
1.0260000000000007,6.757657976117851e-05
1.0270000000000006,6.334055753959998e-05
1.0280000000000007,6.206896306963789e-05
1.0290000000000006,6.232438280139805e-05
1.0300000000000007,5.956294236970746e-05
1.0310000000000006,5.813623235176066e-05
1.0320000000000007,5.884119463588402e-05
1.0330000000000006,5.610521445347844e-05
1.0340000000000007,5.334466107662307e-05
1.0350000000000006,5.1580147596786956e-05
1.0360000000000007,4.903415029516889e-05
1.0370000000000006,4.5679892095641005e-05
1.0380000000000007,4.609248035400812e-05
1.0390000000000006,4.637974619702948e-05
1.0400000000000007,4.2984960411556904e-05
1.0410000000000006,3.987443221815573e-05
1.0420000000000007,4.113929985089501e-05
1.0430000000000006,4.186361893959703e-05
1.0440000000000007,3.812850472542198e-05
1.0450000000000006,3.8022368537322136e-05
1.0460000000000007,3.740662567529849e-05
1.0470000000000006,3.587759026585979e-05
1.0480000000000007,3.2710679537521377e-05
1.0490000000000006,3.33145003304184e-05
1.0500000000000007,3.057120548191374e-05
1.0510000000000006,3.026747769501923e-05
1.0520000000000007,2.9653361048148456e-05
1.0530000000000006,3.0786576489873965e-05
1.0540000000000007,3.035379413527926e-05
1.0550000000000006,3.058204784508233e-05
1.0560000000000007,2.96844744068675e-05
1.0570000000000006,2.9583427099978866e-05
1.0580000000000007,2.9422450757593747e-05
1.0590000000000006,2.8535317118517112e-05
1.0600000000000007,2.941944608485138e-05
1.0610000000000006,2.958012996891888e-05
1.0620000000000007,2.946429518435023e-05
1.0630000000000006,2.923131077882889e-05
1.0640000000000007,2.989142884901569e-05
1.0650000000000006,2.8919274171797003e-05
1.0660000000000007,2.8635067127073715e-05
1.0670000000000006,2.649108170405193e-05
1.0680000000000007,2.514146159134098e-05
1.0690000000000006,2.3538912795893816e-05
1.0700000000000007,2.172192947078604e-05
1.0710000000000006,2.0059938919570773e-05
1.0720000000000007,1.90035026712469e-05
1.0730000000000006,1.7659736887275504e-05
1.0740000000000007,1.6230897417794796e-05
1.0750000000000006,1.5025163836915556e-05
1.0760000000000007,1.3638916502026319e-05
1.0770000000000006,1.2448646218580707e-05
1.0780000000000007,1.1481196820589509e-05
1.0790000000000006,1.0603271289473367e-05
1.0800000000000007,9.684876189987046e-06
1.0810000000000006,8.895636184600113e-06
1.0820000000000007,8.31428384023729e-06
1.0830000000000006,7.797817559688465e-06
1.0840000000000007,7.2743005355026e-06
1.0850000000000006,6.679710019118834e-06
1.0860000000000007,6.184007308247231e-06
1.0870000000000006,5.44204781341999e-06
1.0880000000000007,5.08721760749626e-06
1.0890000000000006,4.495640639796167e-06
1.0900000000000007,0.0
1.0910000000000006,0.0
1.0920000000000007,0.0
1.0930000000000006,0.0
1.0940000000000007,0.0
1.0950000000000006,0.0
1.0960000000000008,0.0
1.0970000000000006,0.0
1.0980000000000008,0.0
1.0990000000000006,0.0
1.1000000000000008,0.0
1.1010000000000006,0.0
1.1020000000000008,0.0
1.1030000000000006,0.0
1.1040000000000008,0.0
1.1050000000000006,0.0
1.1060000000000008,0.0
1.1070000000000007,0.0
1.1080000000000008,0.0
1.1090000000000007,0.0
1.1100000000000008,0.0
1.1110000000000007,0.0
1.1120000000000008,0.0
1.1130000000000007,0.0
1.1140000000000008,0.0
1.1150000000000007,0.0
1.1160000000000008,0.0
1.1170000000000007,0.0
1.1180000000000008,0.0
1.1190000000000007,0.0
1.1200000000000008,0.0
1.1210000000000007,0.0
1.1220000000000008,0.0
1.1230000000000007,0.0
1.1240000000000008,0.0
1.1250000000000007,0.0
1.1260000000000008,0.0
1.1270000000000007,0.0
1.1280000000000008,0.0
1.1290000000000007,0.0
1.1300000000000008,0.0
1.1310000000000007,0.0
1.1320000000000008,0.0
1.1330000000000007,0.0
1.1340000000000008,0.0
1.1350000000000007,0.0
1.1360000000000008,0.0
1.1370000000000007,0.0
1.1380000000000008,0.0
1.1390000000000007,0.0
1.1400000000000008,0.0
1.1410000000000007,0.0
1.1420000000000008,0.0
1.1430000000000007,0.0
1.1440000000000008,0.0
1.1450000000000007,0.0
1.1460000000000008,0.0
1.1470000000000007,0.0
1.1480000000000008,0.0
1.1490000000000007,0.0
1.1500000000000008,0.0
1.1510000000000007,0.0
1.1520000000000008,0.0
1.1530000000000007,0.0
1.1540000000000008,0.0
1.1550000000000007,0.0
1.1560000000000008,0.0
1.1570000000000007,0.0
1.1580000000000008,0.0
1.1590000000000007,0.0
1.1600000000000008,0.0
1.1610000000000007,0.0
1.1620000000000008,0.0
1.1630000000000007,0.0
1.1640000000000008,0.0
1.1650000000000007,0.0
1.1660000000000008,0.0
1.1670000000000007,0.0
1.1680000000000008,0.0
1.1690000000000007,0.0
1.1700000000000008,0.0
1.1710000000000007,0.0
1.1720000000000008,0.0
1.1730000000000007,0.0
1.1740000000000008,0.0
1.1750000000000007,0.0
1.1760000000000008,0.0
1.1770000000000007,0.0
1.1780000000000008,0.0
1.1790000000000007,0.0
1.1800000000000008,0.0
1.1810000000000007,0.0
1.1820000000000008,0.0
1.1830000000000007,0.0
1.1840000000000008,0.0
1.1850000000000007,0.0
1.1860000000000008,0.0
1.1870000000000007,0.0
1.1880000000000008,0.0
1.1890000000000007,0.0
1.1900000000000008,0.0
1.1910000000000007,0.0
1.1920000000000008,0.0
1.1930000000000007,0.0
1.1940000000000008,0.0
1.1950000000000007,0.0
1.1960000000000008,0.0
1.1970000000000007,0.0
1.1980000000000008,0.0
1.1990000000000007,0.0
1.2000000000000008,0.0
1.2010000000000007,0.0
1.2020000000000008,0.0
1.2030000000000007,0.0
1.2040000000000008,0.0
1.2050000000000007,0.0
1.2060000000000008,0.0
1.2070000000000007,0.0
1.2080000000000009,0.0
1.2090000000000007,0.0
1.2100000000000009,0.0
1.2110000000000007,0.0
1.2120000000000009,0.0
1.2130000000000007,0.0
1.2140000000000009,0.0
1.2150000000000007,0.0
1.2160000000000009,0.0
1.2170000000000007,0.0
1.2180000000000009,0.0
1.2190000000000007,0.0
1.2200000000000009,0.0
1.2210000000000008,0.0
1.2220000000000009,0.0
1.2230000000000008,0.0
1.2240000000000009,0.0
1.2250000000000008,0.0
1.2260000000000009,0.0
1.2270000000000008,0.0
1.2280000000000009,0.0
1.2290000000000008,0.0
1.2300000000000009,0.0
1.2310000000000008,0.0
1.2320000000000009,0.0
1.2330000000000008,0.0
1.2340000000000009,0.0
1.2350000000000008,0.0
1.2360000000000009,0.0
1.2370000000000008,0.0
1.2380000000000009,0.0
1.2390000000000008,0.0
1.2400000000000009,0.0
1.2410000000000008,0.0
1.2420000000000009,0.0
1.2430000000000008,0.0
1.2440000000000009,0.0
1.2450000000000008,0.0
1.2460000000000009,0.0
1.2470000000000008,0.0
1.2480000000000009,0.0
1.2490000000000008,0.0
1.2500000000000009,0.0
1.2510000000000008,0.0
1.252000000000001,0.0
1.2530000000000008,0.0
1.254000000000001,0.0
1.2550000000000008,0.0
1.256000000000001,0.0
1.2570000000000008,0.0
1.258000000000001,0.0
1.2590000000000008,0.0
1.260000000000001,0.0
1.2610000000000008,0.0
1.262000000000001,0.0
1.2630000000000008,0.0
1.264000000000001,0.0
1.2650000000000008,0.0
1.266000000000001,0.0
1.2670000000000008,0.0
1.268000000000001,0.0
1.2690000000000008,0.0
1.270000000000001,0.0
1.2710000000000008,0.0
1.272000000000001,0.0
1.2730000000000008,0.0
1.274000000000001,0.0
1.2750000000000008,0.0
1.276000000000001,0.0
1.2770000000000008,0.0
1.278000000000001,0.0
1.2790000000000008,0.0
1.280000000000001,0.0
1.2810000000000008,0.0
1.282000000000001,0.0
1.2830000000000008,0.0
1.284000000000001,0.0
1.2850000000000008,0.0
1.286000000000001,0.0
1.2870000000000008,0.0
1.288000000000001,0.0
1.2890000000000008,0.0
1.290000000000001,0.0
1.2910000000000008,0.0
1.292000000000001,0.0
1.2930000000000008,0.0
1.294000000000001,0.0
1.2950000000000008,0.0
1.296000000000001,0.0
1.2970000000000008,0.0
1.298000000000001,0.0
1.2990000000000008,0.0
1.300000000000001,0.0
1.3010000000000008,0.0
1.302000000000001,0.0
1.3030000000000008,0.0
1.304000000000001,0.0
1.3050000000000008,0.0
1.306000000000001,0.0
1.3070000000000008,0.0
1.308000000000001,0.0
1.3090000000000008,0.0
1.310000000000001,0.0
1.3110000000000008,0.0
1.312000000000001,0.0
1.3130000000000008,0.0
1.314000000000001,0.0
1.3150000000000008,0.0
1.316000000000001,0.0
1.3170000000000008,0.0
1.318000000000001,0.0
1.3190000000000008,0.0
1.320000000000001,0.0
1.3210000000000008,0.0
1.322000000000001,0.0
1.3230000000000008,0.0
1.324000000000001,0.0
1.3250000000000008,0.0
1.326000000000001,0.0
1.3270000000000008,0.0
1.328000000000001,0.0
1.3290000000000008,0.0
1.330000000000001,0.0
1.3310000000000008,0.0
1.332000000000001,0.0
1.3330000000000009,0.0
1.334000000000001,0.0
1.3350000000000009,0.0
1.336000000000001,0.0
1.3370000000000009,0.0
1.338000000000001,0.0
1.3390000000000009,0.0
1.340000000000001,0.0
1.3410000000000009,0.0
1.342000000000001,0.0
1.3430000000000009,0.0
1.344000000000001,0.0
1.3450000000000009,0.0
1.346000000000001,0.0
1.3470000000000009,0.0
1.348000000000001,0.0
1.3490000000000009,0.0
1.350000000000001,0.0
1.3510000000000009,0.0
1.352000000000001,0.0
1.3530000000000009,0.0
1.354000000000001,0.0
1.3550000000000009,0.0
1.356000000000001,0.0
1.3570000000000009,0.0
1.358000000000001,0.0
1.3590000000000009,0.0
1.360000000000001,0.0
1.3610000000000009,0.0
1.362000000000001,0.0
1.3630000000000009,0.0
1.364000000000001,0.0
1.3650000000000009,0.0
1.366000000000001,0.0
1.3670000000000009,0.0
1.368000000000001,0.0
1.3690000000000009,0.0
1.370000000000001,0.0
1.3710000000000009,0.0
1.372000000000001,0.0
1.3730000000000009,0.0
1.374000000000001,0.0
1.3750000000000009,0.0
1.376000000000001,0.0
1.377000000000001,0.0
1.378000000000001,0.0
1.379000000000001,0.0
1.380000000000001,0.0
1.381000000000001,0.0
1.382000000000001,0.0
1.383000000000001,0.0
1.384000000000001,0.0
1.385000000000001,0.0
1.386000000000001,0.0
1.387000000000001,0.0
1.388000000000001,0.0
1.389000000000001,0.0
1.390000000000001,0.0
1.391000000000001,0.0
1.392000000000001,0.0
1.393000000000001,0.0
1.394000000000001,0.0
1.395000000000001,0.0
1.396000000000001,0.0
1.397000000000001,0.0
1.398000000000001,0.0
1.399000000000001,0.0
1.400000000000001,0.0
1.401000000000001,0.0
1.402000000000001,0.0
1.403000000000001,0.0
1.404000000000001,0.0
1.405000000000001,0.0
1.406000000000001,0.0
1.407000000000001,0.0
1.408000000000001,0.0
1.409000000000001,0.0
1.410000000000001,0.0
1.411000000000001,0.0
1.412000000000001,0.0
1.413000000000001,0.0
1.414000000000001,0.0
1.415000000000001,0.0
1.416000000000001,0.0
1.417000000000001,0.0
1.418000000000001,0.0
1.419000000000001,0.0
1.420000000000001,0.0
1.421000000000001,0.0
1.422000000000001,0.0
1.423000000000001,0.0
1.424000000000001,0.0
1.425000000000001,0.0
1.426000000000001,0.0
1.427000000000001,0.0
1.428000000000001,0.0
1.429000000000001,0.0
1.430000000000001,0.0
1.431000000000001,0.0
1.432000000000001,0.0
1.433000000000001,0.0
1.434000000000001,0.0
1.435000000000001,0.0
1.436000000000001,0.0
1.437000000000001,0.0
1.438000000000001,0.0
1.439000000000001,0.0
1.440000000000001,0.0
1.441000000000001,0.0
1.442000000000001,0.0
1.443000000000001,0.0
1.444000000000001,0.0
1.445000000000001,0.0
1.446000000000001,0.0
1.447000000000001,0.0
1.448000000000001,0.0
1.449000000000001,0.0
1.450000000000001,0.0
1.451000000000001,0.0
1.452000000000001,0.0
1.453000000000001,0.0
1.454000000000001,0.0
1.455000000000001,0.0
1.456000000000001,0.0
1.457000000000001,0.0
1.458000000000001,0.0
1.459000000000001,0.0
1.460000000000001,0.0
1.461000000000001,0.0
1.462000000000001,0.0
1.463000000000001,0.0
1.464000000000001,0.0
1.465000000000001,0.0
1.466000000000001,0.0
1.467000000000001,0.0
1.468000000000001,0.0
1.469000000000001,0.0
1.470000000000001,0.0
1.471000000000001,0.0
1.472000000000001,0.0
1.473000000000001,0.0
1.474000000000001,0.0
1.475000000000001,0.0
1.476000000000001,0.0
1.477000000000001,0.0
1.478000000000001,0.0
1.479000000000001,0.0
1.480000000000001,0.0
1.481000000000001,0.0
1.482000000000001,0.0
1.483000000000001,0.0
1.484000000000001,0.0
1.485000000000001,0.0
1.486000000000001,0.0
1.487000000000001,0.0
1.488000000000001,0.0
1.489000000000001,0.0
1.490000000000001,0.0
1.491000000000001,0.0
1.492000000000001,0.0
1.493000000000001,0.0
1.494000000000001,0.0
1.495000000000001,0.0
1.496000000000001,0.0
1.497000000000001,0.0
1.498000000000001,0.0
1.499000000000001,0.0
1.500000000000001,0.0
1.501000000000001,0.0
1.5020000000000011,0.0
1.503000000000001,0.0
1.5040000000000011,0.0
1.505000000000001,0.0
1.5060000000000011,0.0
1.507000000000001,0.0
1.5080000000000011,0.0
1.509000000000001,0.0
1.5100000000000011,0.0
1.511000000000001,0.0
1.5120000000000011,0.0
1.513000000000001,0.0
1.5140000000000011,0.0
1.515000000000001,0.0
1.5160000000000011,0.0
1.517000000000001,0.0
1.5180000000000011,0.0
1.519000000000001,0.0
1.5200000000000011,0.0
1.521000000000001,0.0
1.5220000000000011,0.0
1.523000000000001,0.0
1.5240000000000011,0.0
1.525000000000001,0.0
1.5260000000000011,0.0
1.527000000000001,0.0
1.5280000000000011,0.0
1.529000000000001,0.0
1.5300000000000011,0.0
1.531000000000001,0.0
1.5320000000000011,0.0
1.533000000000001,0.0
1.5340000000000011,0.0
1.535000000000001,0.0
1.5360000000000011,0.0
1.537000000000001,0.0
1.5380000000000011,0.0
1.539000000000001,0.0
1.5400000000000011,0.0
1.541000000000001,0.0
1.5420000000000011,0.0
1.543000000000001,0.0
1.5440000000000011,0.0
1.545000000000001,0.0
1.5460000000000012,0.0
1.547000000000001,0.0
1.5480000000000012,0.0
1.549000000000001,0.0
1.5500000000000012,0.0
1.551000000000001,0.0
1.5520000000000012,0.0
1.553000000000001,0.0
1.5540000000000012,0.0
1.555000000000001,0.0
1.5560000000000012,0.0
1.557000000000001,0.0
1.5580000000000012,0.0
1.559000000000001,0.0
1.5600000000000012,0.0
1.561000000000001,0.0
1.5620000000000012,0.0
1.563000000000001,0.0
1.5640000000000012,0.0
1.565000000000001,0.0
1.5660000000000012,0.0
1.567000000000001,0.0
1.5680000000000012,0.0
1.569000000000001,0.0
1.5700000000000012,0.0
1.571000000000001,0.0
1.5720000000000012,0.0
1.573000000000001,0.0
1.5740000000000012,0.0
1.575000000000001,0.0
1.5760000000000012,0.0
1.577000000000001,0.0
1.5780000000000012,0.0
1.579000000000001,0.0
1.5800000000000012,0.0
1.581000000000001,0.0
1.5820000000000012,0.0
1.583000000000001,0.0
1.5840000000000012,0.0
1.585000000000001,0.0
1.5860000000000012,0.0
1.587000000000001,0.0
1.5880000000000012,0.0
1.589000000000001,0.0
1.5900000000000012,0.0
1.591000000000001,0.0
1.5920000000000012,0.0
1.593000000000001,0.0
1.5940000000000012,0.0
1.595000000000001,0.0
1.5960000000000012,0.0
1.597000000000001,0.0
1.5980000000000012,0.0
1.599000000000001,0.0
1.6000000000000012,0.0
1.601000000000001,0.0
1.6020000000000012,0.0
1.603000000000001,0.0
1.6040000000000012,0.0
1.605000000000001,0.0
1.6060000000000012,0.0
1.607000000000001,0.0
1.6080000000000012,0.0
1.609000000000001,0.0
1.6100000000000012,0.0
1.611000000000001,0.0
1.6120000000000012,0.0
1.613000000000001,0.0
1.6140000000000012,0.0
1.615000000000001,0.0
1.6160000000000012,0.0
1.617000000000001,0.0
1.6180000000000012,0.0
1.619000000000001,0.0
1.6200000000000012,0.0
1.621000000000001,0.0
1.6220000000000012,0.0
1.623000000000001,0.0
1.6240000000000012,0.0
1.625000000000001,0.0
1.6260000000000012,0.0
1.6270000000000011,0.0
1.6280000000000012,0.0
1.6290000000000011,0.0
1.6300000000000012,0.0
1.6310000000000011,0.0
1.6320000000000012,0.0
1.6330000000000011,0.0
1.6340000000000012,0.0
1.6350000000000011,0.0
1.6360000000000012,0.0
1.6370000000000011,0.0
1.6380000000000012,0.0
1.6390000000000011,0.0
1.6400000000000012,0.0
1.6410000000000011,0.0
1.6420000000000012,0.0
1.6430000000000011,0.0
1.6440000000000012,0.0
1.6450000000000011,0.0
1.6460000000000012,0.0
1.6470000000000011,0.0
1.6480000000000012,0.0
1.6490000000000011,0.0
1.6500000000000012,0.0
1.6510000000000011,0.0
1.6520000000000012,0.0
1.6530000000000011,0.0
1.6540000000000012,0.0
1.6550000000000011,0.0
1.6560000000000012,0.0
1.6570000000000011,0.0
1.6580000000000013,0.0
1.6590000000000011,0.0
1.6600000000000013,0.0
1.6610000000000011,0.0
1.6620000000000013,0.0
1.6630000000000011,0.0
1.6640000000000013,0.0
1.6650000000000011,0.0
1.6660000000000013,0.0
1.6670000000000011,0.0
1.6680000000000013,0.0
1.6690000000000011,0.0
1.6700000000000013,0.0
1.6710000000000012,0.0
1.6720000000000013,0.0
1.6730000000000012,0.0
1.6740000000000013,0.0
1.6750000000000012,0.0
1.6760000000000013,0.0
1.6770000000000012,0.0
1.6780000000000013,0.0
1.6790000000000012,0.0
1.6800000000000013,0.0
1.6810000000000012,0.0
1.6820000000000013,0.0
1.6830000000000012,0.0
1.6840000000000013,0.0
1.6850000000000012,0.0
1.6860000000000013,0.0
1.6870000000000012,0.0
1.6880000000000013,0.0
1.6890000000000012,0.0
1.6900000000000013,0.0
1.6910000000000012,0.0
1.6920000000000013,0.0
1.6930000000000012,0.0
1.6940000000000013,0.0
1.6950000000000012,0.0
1.6960000000000013,0.0
1.6970000000000012,0.0
1.6980000000000013,0.0
1.6990000000000012,0.0
1.7000000000000013,0.0
1.7010000000000012,0.0
1.7020000000000013,0.0
1.7030000000000012,0.0
1.7040000000000013,0.0
1.7050000000000012,0.0
1.7060000000000013,0.0
1.7070000000000012,0.0
1.7080000000000013,0.0
1.7090000000000012,0.0
1.7100000000000013,0.0
1.7110000000000012,0.0
1.7120000000000013,0.0
1.7130000000000012,0.0
1.7140000000000013,0.0
1.7150000000000012,0.0
1.7160000000000013,0.0
1.7170000000000012,0.0
1.7180000000000013,0.0
1.7190000000000012,0.0
1.7200000000000013,0.0
1.7210000000000012,0.0
1.7220000000000013,0.0
1.7230000000000012,0.0
1.7240000000000013,0.0
1.7250000000000012,0.0
1.7260000000000013,0.0
1.7270000000000012,0.0
1.7280000000000013,0.0
1.7290000000000012,0.0
1.7300000000000013,0.0
1.7310000000000012,0.0
1.7320000000000013,0.0
1.7330000000000012,0.0
1.7340000000000013,0.0
1.7350000000000012,0.0
1.7360000000000013,0.0
1.7370000000000012,0.0
1.7380000000000013,0.0
1.7390000000000012,0.0
1.7400000000000013,0.0
1.7410000000000012,0.0
1.7420000000000013,0.0
1.7430000000000012,0.0
1.7440000000000013,0.0
1.7450000000000012,0.0
1.7460000000000013,0.0
1.7470000000000012,0.0
1.7480000000000013,0.0
1.7490000000000012,0.0
1.7500000000000013,0.0
1.7510000000000012,0.0
1.7520000000000013,0.0
1.7530000000000012,0.0
1.7540000000000013,0.0
1.7550000000000012,0.0
1.7560000000000013,0.0
1.7570000000000012,0.0
1.7580000000000013,0.0
1.7590000000000012,0.0
1.7600000000000013,0.0
1.7610000000000012,0.0
1.7620000000000013,0.0
1.7630000000000012,0.0
1.7640000000000013,0.0
1.7650000000000012,0.0
1.7660000000000013,0.0
1.7670000000000012,0.0
1.7680000000000013,0.0
1.7690000000000012,0.0
1.7700000000000014,0.0
1.7710000000000012,0.0
1.7720000000000014,0.0
1.7730000000000012,0.0
1.7740000000000014,0.0
1.7750000000000012,0.0
1.7760000000000014,0.0
1.7770000000000012,0.0
1.7780000000000014,0.0
1.7790000000000012,0.0
1.7800000000000014,0.0
1.7810000000000012,0.0
1.7820000000000014,0.0
1.7830000000000013,0.0
1.7840000000000014,0.0
1.7850000000000013,0.0
1.7860000000000014,0.0
1.7870000000000013,0.0
1.7880000000000014,0.0
1.7890000000000013,0.0
1.7900000000000014,0.0
1.7910000000000013,0.0
1.7920000000000014,0.0
1.7930000000000013,0.0
1.7940000000000014,0.0
1.7950000000000013,0.0
1.7960000000000014,0.0
1.7970000000000013,0.0
1.7980000000000014,0.0
1.7990000000000013,0.0
1.8000000000000014,0.0
1.8010000000000013,0.0
1.8020000000000014,0.0
1.8030000000000013,0.0
1.8040000000000014,0.0
1.8050000000000013,0.0
1.8060000000000014,0.0
1.8070000000000013,0.0
1.8080000000000014,0.0
1.8090000000000013,0.0
1.8100000000000014,0.0
1.8110000000000013,0.0
1.8120000000000014,0.0
1.8130000000000013,0.0
1.8140000000000014,0.0
1.8150000000000013,0.0
1.8160000000000014,0.0
1.8170000000000013,0.0
1.8180000000000014,0.0
1.8190000000000013,0.0
1.8200000000000014,0.0
1.8210000000000013,0.0
1.8220000000000014,0.0
1.8230000000000013,0.0
1.8240000000000014,0.0
1.8250000000000013,0.0
1.8260000000000014,0.0
1.8270000000000013,0.0
1.8280000000000014,0.0
1.8290000000000013,0.0
1.8300000000000014,0.0
1.8310000000000013,0.0
1.8320000000000014,0.0
1.8330000000000013,0.0
1.8340000000000014,0.0
1.8350000000000013,0.0
1.8360000000000014,0.0
1.8370000000000013,0.0
1.8380000000000014,0.0
1.8390000000000013,0.0
1.8400000000000014,0.0
1.8410000000000013,0.0
1.8420000000000014,0.0
1.8430000000000013,0.0
1.8440000000000014,0.0
1.8450000000000013,0.0
1.8460000000000014,0.0
1.8470000000000013,0.0
1.8480000000000014,0.0
1.8490000000000013,0.0
1.8500000000000014,0.0
1.8510000000000013,0.0
1.8520000000000014,0.0
1.8530000000000013,0.0
1.8540000000000014,0.0
1.8550000000000013,0.0
1.8560000000000014,0.0
1.8570000000000013,0.0
1.8580000000000014,0.0
1.8590000000000013,0.0
1.8600000000000014,0.0
1.8610000000000013,0.0
1.8620000000000014,0.0
1.8630000000000013,0.0
1.8640000000000014,0.0
1.8650000000000013,0.0
1.8660000000000014,0.0
1.8670000000000013,0.0
1.8680000000000014,0.0
1.8690000000000013,0.0
1.8700000000000014,0.0
1.8710000000000013,0.0
1.8720000000000014,0.0
1.8730000000000013,0.0
1.8740000000000014,0.0
1.8750000000000013,0.0
1.8760000000000014,0.0
1.8770000000000013,0.0
1.8780000000000014,0.0
1.8790000000000013,0.0
1.8800000000000014,0.0
1.8810000000000013,0.0
1.8820000000000014,0.0
1.8830000000000013,0.0
1.8840000000000015,0.0
1.8850000000000013,0.0
1.8860000000000015,0.0
1.8870000000000013,0.0
1.8880000000000015,0.0
1.8890000000000013,0.0
1.8900000000000015,0.0
1.8910000000000013,0.0
1.8920000000000015,0.0
1.8930000000000013,0.0
1.8940000000000015,0.0
1.8950000000000014,0.0
1.8960000000000015,0.0
1.8970000000000014,0.0
1.8980000000000015,0.0
1.8990000000000014,0.0
1.9000000000000015,0.0
1.9010000000000014,0.0
1.9020000000000015,0.0
1.9030000000000014,0.0
1.9040000000000015,0.0
1.9050000000000014,0.0
1.9060000000000015,0.0
1.9070000000000014,0.0
1.9080000000000015,0.0
1.9090000000000014,0.0
1.9100000000000015,0.0
1.9110000000000014,0.0
1.9120000000000015,0.0
1.9130000000000014,0.0
1.9140000000000015,0.0
1.9150000000000014,0.0
1.9160000000000015,0.0
1.9170000000000014,0.0
1.9180000000000015,0.0
1.9190000000000014,0.0
1.9200000000000015,0.0
1.9210000000000014,0.0
1.9220000000000015,0.0
1.9230000000000014,0.0
1.9240000000000015,0.0
1.9250000000000014,0.0
1.9260000000000015,0.0
1.9270000000000014,0.0
1.9280000000000015,0.0
1.9290000000000014,0.0
1.9300000000000015,0.0
1.9310000000000014,0.0
1.9320000000000015,0.0
1.9330000000000014,0.0
1.9340000000000015,0.0
1.9350000000000014,0.0
1.9360000000000015,0.0
1.9370000000000014,0.0
1.9380000000000015,0.0
1.9390000000000014,0.0
1.9400000000000015,0.0
1.9410000000000014,0.0
1.9420000000000015,0.0
1.9430000000000014,0.0
1.9440000000000015,0.0
1.9450000000000014,0.0
1.9460000000000015,0.0
1.9470000000000014,0.0
1.9480000000000015,0.0
1.9490000000000014,0.0
1.9500000000000015,0.0
1.9510000000000014,0.0
1.9520000000000015,0.0
1.9530000000000014,0.0
1.9540000000000015,0.0
1.9550000000000014,0.0
1.9560000000000015,0.0
1.9570000000000014,0.0
1.9580000000000015,0.0
1.9590000000000014,0.0
1.9600000000000015,0.0
1.9610000000000014,0.0
1.9620000000000015,0.0
1.9630000000000014,0.0
1.9640000000000015,0.0
1.9650000000000014,0.0
1.9660000000000015,0.0
1.9670000000000014,0.0
1.9680000000000015,0.0
1.9690000000000014,0.0
1.9700000000000015,0.0
1.9710000000000014,0.0
1.9720000000000015,0.0
1.9730000000000014,0.0
1.9740000000000015,0.0
1.9750000000000014,0.0
1.9760000000000015,0.0
1.9770000000000014,0.0
1.9780000000000015,0.0
1.9790000000000014,0.0
1.9800000000000015,0.0
1.9810000000000014,0.0
1.9820000000000015,0.0
1.9830000000000014,0.0
1.9840000000000015,0.0
1.9850000000000014,0.0
1.9860000000000015,0.0
1.9870000000000014,0.0
1.9880000000000015,0.0
1.9890000000000014,0.0
1.9900000000000015,0.0
1.9910000000000014,0.0
1.9920000000000015,0.0
1.9930000000000014,0.0
1.9940000000000015,0.0
1.9950000000000014,0.0
1.9960000000000016,0.0
1.9970000000000014,0.0
1.9980000000000016,0.0
1.9990000000000014,0.0
2.0000000000000013,0.0
2.0010000000000017,0.0
2.0020000000000016,0.0
2.0030000000000014,0.0
2.0040000000000013,0.0
2.0050000000000017,0.0
2.0060000000000016,0.0
2.0070000000000014,0.0
2.0080000000000013,0.0
2.0090000000000017,0.0
2.0100000000000016,0.0
2.0110000000000015,0.0
2.0120000000000013,0.0
2.0130000000000017,0.0
2.0140000000000016,0.0
2.0150000000000015,0.0
2.0160000000000013,0.0
2.0170000000000017,0.0
2.0180000000000016,0.0
2.0190000000000015,0.0
2.0200000000000014,0.0
2.0210000000000017,0.0
2.0220000000000016,0.0
2.0230000000000015,0.0
2.0240000000000014,0.0
2.0250000000000017,0.0
2.0260000000000016,0.0
2.0270000000000015,0.0
2.0280000000000014,0.0
2.0290000000000017,0.0
2.0300000000000016,0.0
2.0310000000000015,0.0
2.0320000000000014,0.0
2.0330000000000017,0.0
2.0340000000000016,0.0
2.0350000000000015,0.0
2.0360000000000014,0.0
2.0370000000000017,0.0
2.0380000000000016,0.0
2.0390000000000015,0.0
2.0400000000000014,0.0
2.0410000000000017,0.0
2.0420000000000016,0.0
2.0430000000000015,0.0
2.0440000000000014,0.0
2.0450000000000017,0.0
2.0460000000000016,0.0
2.0470000000000015,0.0
2.0480000000000014,0.0
2.0490000000000017,0.0
2.0500000000000016,0.0
2.0510000000000015,0.0
2.0520000000000014,0.0
2.0530000000000017,0.0
2.0540000000000016,0.0
2.0550000000000015,0.0
2.0560000000000014,0.0
2.0570000000000017,0.0
2.0580000000000016,0.0
2.0590000000000015,0.0
2.0600000000000014,0.0
2.0610000000000017,0.0
2.0620000000000016,0.0
2.0630000000000015,0.0
2.0640000000000014,0.0
2.0650000000000017,0.0
2.0660000000000016,0.0
2.0670000000000015,0.0
2.0680000000000014,0.0
2.0690000000000017,0.0
2.0700000000000016,0.0
2.0710000000000015,0.0
2.0720000000000014,0.0
2.0730000000000017,0.0
2.0740000000000016,0.0
2.0750000000000015,0.0
2.0760000000000014,0.0
2.0770000000000017,0.0
2.0780000000000016,0.0
2.0790000000000015,0.0
2.0800000000000014,0.0
2.0810000000000017,0.0
2.0820000000000016,0.0
2.0830000000000015,0.0
2.0840000000000014,0.0
2.0850000000000017,0.0
2.0860000000000016,0.0
2.0870000000000015,0.0
2.0880000000000014,0.0
2.0890000000000017,0.0
2.0900000000000016,0.0
2.0910000000000015,0.0
2.0920000000000014,0.0
2.0930000000000017,0.0
2.0940000000000016,0.0
2.0950000000000015,0.0
2.0960000000000014,0.0
2.0970000000000018,0.0
2.0980000000000016,0.0
2.0990000000000015,0.0
2.1000000000000014,0.0
2.1010000000000018,0.0
2.1020000000000016,0.0
2.1030000000000015,0.0
2.1040000000000014,0.0
2.1050000000000018,0.0
2.1060000000000016,0.0
2.1070000000000015,0.0
2.1080000000000014,0.0
2.1090000000000018,0.0
2.1100000000000017,0.0
2.1110000000000015,0.0
2.1120000000000014,0.0
2.1130000000000018,0.0
2.1140000000000017,0.0
2.1150000000000015,0.0
2.1160000000000014,0.0
2.1170000000000018,0.0
2.1180000000000017,0.0
2.1190000000000015,0.0
2.1200000000000014,0.0
2.1210000000000018,0.0
2.1220000000000017,0.0
2.1230000000000016,0.0
2.1240000000000014,0.0
2.1250000000000018,0.0
2.1260000000000017,0.0
2.1270000000000016,0.0
2.1280000000000014,0.0
2.129000000000002,0.0
2.1300000000000017,0.0
2.1310000000000016,0.0
2.1320000000000014,0.0
2.133000000000002,0.0
2.1340000000000017,0.0
2.1350000000000016,0.0
2.1360000000000015,0.0
2.137000000000002,0.0
2.1380000000000017,0.0
2.1390000000000016,0.0
2.1400000000000015,0.0
2.141000000000002,0.0
2.1420000000000017,0.0
2.1430000000000016,0.0
2.1440000000000015,0.0
2.145000000000002,0.0
2.1460000000000017,0.0
2.1470000000000016,0.0
2.1480000000000015,0.0
2.149000000000002,0.0
2.1500000000000017,0.0
2.1510000000000016,0.0
2.1520000000000015,0.0
2.153000000000002,0.0
2.1540000000000017,0.0
2.1550000000000016,0.0
2.1560000000000015,0.0
2.157000000000002,0.0
2.1580000000000017,0.0
2.1590000000000016,0.0
2.1600000000000015,0.0
2.161000000000002,0.0
2.1620000000000017,0.0
2.1630000000000016,0.0
2.1640000000000015,0.0
2.165000000000002,0.0
2.1660000000000017,0.0
2.1670000000000016,0.0
2.1680000000000015,0.0
2.169000000000002,0.0
2.1700000000000017,0.0
2.1710000000000016,0.0
2.1720000000000015,0.0
2.173000000000002,0.0
2.1740000000000017,0.0
2.1750000000000016,0.0
2.1760000000000015,0.0
2.177000000000002,0.0
2.1780000000000017,0.0
2.1790000000000016,0.0
2.1800000000000015,0.0
2.181000000000002,0.0
2.1820000000000017,0.0
2.1830000000000016,0.0
2.1840000000000015,0.0
2.185000000000002,0.0
2.1860000000000017,0.0
2.1870000000000016,0.0
2.1880000000000015,0.0
2.189000000000002,0.0
2.1900000000000017,0.0
2.1910000000000016,0.0
2.1920000000000015,0.0
2.193000000000002,0.0
2.1940000000000017,0.0
2.1950000000000016,0.0
2.1960000000000015,0.0
2.197000000000002,0.0
2.1980000000000017,0.0
2.1990000000000016,0.0
2.2000000000000015,0.0
2.201000000000002,0.0
2.2020000000000017,0.0
2.2030000000000016,0.0
2.2040000000000015,0.0
2.205000000000002,0.0
2.2060000000000017,0.0
2.2070000000000016,0.0
2.2080000000000015,0.0
2.209000000000002,0.0
2.2100000000000017,0.0
2.2110000000000016,0.0
2.2120000000000015,0.0
2.213000000000002,0.0
2.2140000000000017,0.0
2.2150000000000016,0.0
2.2160000000000015,0.0
2.217000000000002,0.0
2.2180000000000017,0.0
2.2190000000000016,0.0
2.2200000000000015,0.0
2.221000000000002,0.0
2.2220000000000018,0.0
2.2230000000000016,0.0
2.2240000000000015,0.0
2.225000000000002,0.0
2.2260000000000018,0.0
2.2270000000000016,0.0
2.2280000000000015,0.0
2.229000000000002,0.0
2.2300000000000018,0.0
2.2310000000000016,0.0
2.2320000000000015,0.0
2.233000000000002,0.0
2.2340000000000018,0.0
2.2350000000000017,0.0
2.2360000000000015,0.0
2.237000000000002,0.0
2.2380000000000018,0.0
2.2390000000000017,0.0
2.2400000000000015,0.0
2.241000000000002,0.0
2.2420000000000018,0.0
2.2430000000000017,0.0
2.2440000000000015,0.0
2.245000000000002,0.0
2.2460000000000018,0.0
2.2470000000000017,0.0
2.2480000000000016,0.0
2.249000000000002,0.0
2.2500000000000018,0.0
2.2510000000000017,0.0
2.2520000000000016,0.0
2.253000000000002,0.0
2.254000000000002,0.0
2.2550000000000017,0.0
2.2560000000000016,0.0
2.257000000000002,0.0
2.258000000000002,0.0
2.2590000000000017,0.0
2.2600000000000016,0.0
2.261000000000002,0.0
2.262000000000002,0.0
2.2630000000000017,0.0
2.2640000000000016,0.0
2.265000000000002,0.0
2.266000000000002,0.0
2.2670000000000017,0.0
2.2680000000000016,0.0
2.269000000000002,0.0
2.270000000000002,0.0
2.2710000000000017,0.0
2.2720000000000016,0.0
2.273000000000002,0.0
2.274000000000002,0.0
2.2750000000000017,0.0
2.2760000000000016,0.0
2.277000000000002,0.0
2.278000000000002,0.0
2.2790000000000017,0.0
2.2800000000000016,0.0
2.281000000000002,0.0
2.282000000000002,0.0
2.2830000000000017,0.0
2.2840000000000016,0.0
2.285000000000002,0.0
2.286000000000002,0.0
2.2870000000000017,0.0
2.2880000000000016,0.0
2.289000000000002,0.0
2.290000000000002,0.0
2.2910000000000017,0.0
2.2920000000000016,0.0
2.293000000000002,0.0
2.294000000000002,0.0
2.2950000000000017,0.0
2.2960000000000016,0.0
2.297000000000002,0.0
2.298000000000002,0.0
2.2990000000000017,0.0
2.3000000000000016,0.0
2.301000000000002,0.0
2.302000000000002,0.0
2.3030000000000017,0.0
2.3040000000000016,0.0
2.305000000000002,0.0
2.306000000000002,0.0
2.3070000000000017,0.0
2.3080000000000016,0.0
2.309000000000002,0.0
2.310000000000002,0.0
2.3110000000000017,0.0
2.3120000000000016,0.0
2.313000000000002,0.0
2.314000000000002,0.0
2.3150000000000017,0.0
2.3160000000000016,0.0
2.317000000000002,0.0
2.318000000000002,0.0
2.3190000000000017,0.0
2.3200000000000016,0.0
2.321000000000002,0.0
2.322000000000002,0.0
2.3230000000000017,0.0
2.3240000000000016,0.0
2.325000000000002,0.0
2.326000000000002,0.0
2.3270000000000017,0.0
2.3280000000000016,0.0
2.329000000000002,0.0
2.330000000000002,0.0
2.3310000000000017,0.0
2.3320000000000016,0.0
2.333000000000002,0.0
2.334000000000002,0.0
2.3350000000000017,0.0
2.3360000000000016,0.0
2.337000000000002,0.0
2.338000000000002,0.0
2.3390000000000017,0.0
2.3400000000000016,0.0
2.341000000000002,0.0
2.342000000000002,0.0
2.3430000000000017,0.0
2.3440000000000016,0.0
2.345000000000002,0.0
2.346000000000002,0.0
2.3470000000000018,0.0
2.3480000000000016,0.0
2.349000000000002,0.0
2.350000000000002,0.0
2.3510000000000018,0.0
2.3520000000000016,0.0
2.353000000000002,0.0
2.354000000000002,0.0
2.3550000000000018,0.0
2.3560000000000016,0.0
2.357000000000002,0.0
2.358000000000002,0.0
2.3590000000000018,0.0
2.3600000000000017,0.0
2.361000000000002,0.0
2.362000000000002,0.0
2.3630000000000018,0.0
2.3640000000000017,0.0
2.365000000000002,0.0
2.366000000000002,0.0
2.3670000000000018,0.0
2.3680000000000017,0.0
2.369000000000002,0.0
2.370000000000002,0.0
2.3710000000000018,0.0
2.3720000000000017,0.0
2.373000000000002,0.0
2.374000000000002,0.0
2.3750000000000018,0.0
2.3760000000000017,0.0
2.377000000000002,0.0
2.378000000000002,0.0
2.379000000000002,0.0
2.3800000000000017,0.0
2.381000000000002,0.0
2.382000000000002,0.0
2.383000000000002,0.0
2.3840000000000017,0.0
2.385000000000002,0.0
2.386000000000002,0.0
2.387000000000002,0.0
2.3880000000000017,0.0
2.389000000000002,0.0
2.390000000000002,0.0
2.391000000000002,0.0
2.3920000000000017,0.0
2.393000000000002,0.0
2.394000000000002,0.0
2.395000000000002,0.0
2.3960000000000017,0.0
2.397000000000002,0.0
2.398000000000002,0.0
2.399000000000002,0.0
2.4000000000000017,0.0
2.401000000000002,0.0
2.402000000000002,0.0
2.403000000000002,0.0
2.4040000000000017,0.0
2.405000000000002,0.0
2.406000000000002,0.0
2.407000000000002,0.0
2.4080000000000017,0.0
2.409000000000002,0.0
2.410000000000002,0.0
2.411000000000002,0.0
2.4120000000000017,0.0
2.413000000000002,0.0
2.414000000000002,0.0
2.415000000000002,0.0
2.4160000000000017,0.0
2.417000000000002,0.0
2.418000000000002,0.0
2.419000000000002,0.0
2.4200000000000017,0.0
2.421000000000002,0.0
2.422000000000002,0.0
2.423000000000002,0.0
2.4240000000000017,0.0
2.425000000000002,0.0
2.426000000000002,0.0
2.427000000000002,0.0
2.4280000000000017,0.0
2.429000000000002,0.0
2.430000000000002,0.0
2.431000000000002,0.0
2.4320000000000017,0.0
2.433000000000002,0.0
2.434000000000002,0.0
2.435000000000002,0.0
2.4360000000000017,0.0
2.437000000000002,0.0
2.438000000000002,0.0
2.439000000000002,0.0
2.4400000000000017,0.0
2.441000000000002,0.0
2.442000000000002,0.0
2.443000000000002,0.0
2.4440000000000017,0.0
2.445000000000002,0.0
2.446000000000002,0.0
2.447000000000002,0.0
2.4480000000000017,0.0
2.449000000000002,0.0
2.450000000000002,0.0
2.451000000000002,0.0
2.4520000000000017,0.0
2.453000000000002,0.0
2.454000000000002,0.0
2.455000000000002,0.0
2.4560000000000017,0.0
2.457000000000002,0.0
2.458000000000002,0.0
2.459000000000002,0.0
2.4600000000000017,0.0
2.461000000000002,0.0
2.462000000000002,0.0
2.463000000000002,0.0
2.4640000000000017,0.0
2.465000000000002,0.0
2.466000000000002,0.0
2.467000000000002,0.0
2.4680000000000017,0.0
2.469000000000002,0.0
2.470000000000002,0.0
2.471000000000002,0.0
2.4720000000000018,0.0
2.473000000000002,0.0
2.474000000000002,0.0
2.475000000000002,0.0
2.4760000000000018,0.0
2.477000000000002,0.0
2.478000000000002,0.0
2.479000000000002,0.0
2.4800000000000018,0.0
2.481000000000002,0.0
2.482000000000002,0.0
2.483000000000002,0.0
2.4840000000000018,0.0
2.485000000000002,0.0
2.486000000000002,0.0
2.487000000000002,0.0
2.4880000000000018,0.0
2.489000000000002,0.0
2.490000000000002,0.0
2.491000000000002,0.0
2.4920000000000018,0.0
2.493000000000002,0.0
2.494000000000002,0.0
2.495000000000002,0.0
2.4960000000000018,0.0
2.497000000000002,0.0
2.498000000000002,0.0
2.499000000000002,0.0
2.5000000000000018,0.0
2.501000000000002,0.0
2.502000000000002,0.0
2.503000000000002,0.0
2.504000000000002,0.0
2.505000000000002,0.0
2.506000000000002,0.0
2.507000000000002,0.0
2.508000000000002,0.0
2.509000000000002,0.0
2.510000000000002,0.0
2.511000000000002,0.0
2.512000000000002,0.0
2.513000000000002,0.0
2.514000000000002,0.0
2.515000000000002,0.0
2.516000000000002,0.0
2.517000000000002,0.0
2.518000000000002,0.0
2.519000000000002,0.0
2.520000000000002,0.0
2.521000000000002,0.0
2.522000000000002,0.0
2.523000000000002,0.0
2.524000000000002,0.0
2.525000000000002,0.0
2.526000000000002,0.0
2.527000000000002,0.0
2.528000000000002,0.0
2.529000000000002,0.0
2.530000000000002,0.0
2.531000000000002,0.0
2.532000000000002,0.0
2.533000000000002,0.0
2.534000000000002,0.0
2.535000000000002,0.0
2.536000000000002,0.0
2.537000000000002,0.0
2.538000000000002,0.0
2.539000000000002,0.0
2.540000000000002,0.0
2.541000000000002,0.0
2.542000000000002,0.0
2.543000000000002,0.0
2.544000000000002,0.0
2.545000000000002,0.0
2.546000000000002,0.0
2.547000000000002,0.0
2.548000000000002,0.0
2.549000000000002,0.0
2.550000000000002,0.0
2.551000000000002,0.0
2.552000000000002,0.0
2.553000000000002,0.0
2.554000000000002,0.0
2.555000000000002,0.0
2.556000000000002,0.0
2.557000000000002,0.0
2.558000000000002,0.0
2.559000000000002,0.0
2.560000000000002,0.0
2.561000000000002,0.0
2.562000000000002,0.0
2.563000000000002,0.0
2.564000000000002,0.0
2.565000000000002,0.0
2.566000000000002,0.0
2.567000000000002,0.0
2.568000000000002,0.0
2.569000000000002,0.0
2.570000000000002,0.0
2.571000000000002,0.0
2.572000000000002,0.0
2.573000000000002,0.0
2.574000000000002,0.0
2.575000000000002,0.0
2.576000000000002,0.0
2.577000000000002,0.0
2.578000000000002,0.0
2.579000000000002,0.0
2.580000000000002,0.0
2.581000000000002,0.0
2.582000000000002,0.0
2.583000000000002,0.0
2.584000000000002,0.0
2.585000000000002,0.0
2.586000000000002,0.0
2.587000000000002,0.0
2.588000000000002,0.0
2.589000000000002,0.0
2.590000000000002,0.0
2.591000000000002,0.0
2.592000000000002,0.0
2.593000000000002,0.0
2.594000000000002,0.0
2.595000000000002,0.0
2.596000000000002,0.0
2.597000000000002,0.0
2.598000000000002,0.0
2.599000000000002,0.0
2.600000000000002,0.0
2.601000000000002,0.0
2.602000000000002,0.0
2.603000000000002,0.0
2.604000000000002,0.0
2.605000000000002,0.0
2.606000000000002,0.0
2.607000000000002,0.0
2.608000000000002,0.0
2.609000000000002,0.0
2.610000000000002,0.0
2.611000000000002,0.0
2.612000000000002,0.0
2.613000000000002,0.0
2.614000000000002,0.0
2.615000000000002,0.0
2.616000000000002,0.0
2.617000000000002,0.0
2.618000000000002,0.0
2.619000000000002,0.0
2.620000000000002,0.0
2.621000000000002,0.0
2.622000000000002,0.0
2.623000000000002,0.0
2.624000000000002,0.0
2.625000000000002,0.0
2.626000000000002,0.0
2.627000000000002,0.0
2.628000000000002,0.0
2.6290000000000022,0.0
2.630000000000002,0.0
2.631000000000002,0.0
2.632000000000002,0.0
2.6330000000000022,0.0
2.634000000000002,0.0
2.635000000000002,0.0
2.636000000000002,0.0
2.6370000000000022,0.0
2.638000000000002,0.0
2.639000000000002,0.0
2.640000000000002,0.0
2.6410000000000022,0.0
2.642000000000002,0.0
2.643000000000002,0.0
2.644000000000002,0.0
2.6450000000000022,0.0
2.646000000000002,0.0
2.647000000000002,0.0
2.648000000000002,0.0
2.6490000000000022,0.0
2.650000000000002,0.0
2.651000000000002,0.0
2.652000000000002,0.0
2.6530000000000022,0.0
2.654000000000002,0.0
2.655000000000002,0.0
2.656000000000002,0.0
2.6570000000000022,0.0
2.658000000000002,0.0
2.659000000000002,0.0
2.660000000000002,0.0
2.6610000000000023,0.0
2.662000000000002,0.0
2.663000000000002,0.0
2.664000000000002,0.0
2.6650000000000023,0.0
2.666000000000002,0.0
2.667000000000002,0.0
2.668000000000002,0.0
2.6690000000000023,0.0
2.670000000000002,0.0
2.671000000000002,0.0
2.672000000000002,0.0
2.6730000000000023,0.0
2.674000000000002,0.0
2.675000000000002,0.0
2.676000000000002,0.0
2.6770000000000023,0.0
2.678000000000002,0.0
2.679000000000002,0.0
2.680000000000002,0.0
2.6810000000000023,0.0
2.682000000000002,0.0
2.683000000000002,0.0
2.684000000000002,0.0
2.6850000000000023,0.0
2.686000000000002,0.0
2.687000000000002,0.0
2.688000000000002,0.0
2.6890000000000023,0.0
2.690000000000002,0.0
2.691000000000002,0.0
2.692000000000002,0.0
2.6930000000000023,0.0
2.694000000000002,0.0
2.695000000000002,0.0
2.696000000000002,0.0
2.6970000000000023,0.0
2.698000000000002,0.0
2.699000000000002,0.0
2.700000000000002,0.0
2.7010000000000023,0.0
2.702000000000002,0.0
2.703000000000002,0.0
2.704000000000002,0.0
2.7050000000000023,0.0
2.706000000000002,0.0
2.707000000000002,0.0
2.708000000000002,0.0
2.7090000000000023,0.0
2.710000000000002,0.0
2.711000000000002,0.0
2.712000000000002,0.0
2.7130000000000023,0.0
2.714000000000002,0.0
2.715000000000002,0.0
2.716000000000002,0.0
2.7170000000000023,0.0
2.718000000000002,0.0
2.719000000000002,0.0
2.720000000000002,0.0
2.7210000000000023,0.0
2.722000000000002,0.0
2.723000000000002,0.0
2.724000000000002,0.0
2.7250000000000023,0.0
2.726000000000002,0.0
2.727000000000002,0.0
2.728000000000002,0.0
2.7290000000000023,0.0
2.730000000000002,0.0
2.731000000000002,0.0
2.732000000000002,0.0
2.7330000000000023,0.0
2.734000000000002,0.0
2.735000000000002,0.0
2.736000000000002,0.0
2.7370000000000023,0.0
2.738000000000002,0.0
2.739000000000002,0.0
2.740000000000002,0.0
2.7410000000000023,0.0
2.742000000000002,0.0
2.743000000000002,0.0
2.744000000000002,0.0
2.7450000000000023,0.0
2.746000000000002,0.0
2.747000000000002,0.0
2.748000000000002,0.0
2.7490000000000023,0.0
2.750000000000002,0.0
2.751000000000002,0.0
2.752000000000002,0.0
2.7530000000000023,0.0
2.7540000000000022,0.0
2.755000000000002,0.0
2.756000000000002,0.0
2.7570000000000023,0.0
2.7580000000000022,0.0
2.759000000000002,0.0
2.760000000000002,0.0
2.7610000000000023,0.0
2.7620000000000022,0.0
2.763000000000002,0.0
2.764000000000002,0.0
2.7650000000000023,0.0
2.7660000000000022,0.0
2.767000000000002,0.0
2.768000000000002,0.0
2.7690000000000023,0.0
2.7700000000000022,0.0
2.771000000000002,0.0
2.772000000000002,0.0
2.7730000000000024,0.0
2.7740000000000022,0.0
2.775000000000002,0.0
2.776000000000002,0.0
2.7770000000000024,0.0
2.7780000000000022,0.0
2.779000000000002,0.0
2.780000000000002,0.0
2.7810000000000024,0.0
2.7820000000000022,0.0
2.783000000000002,0.0
2.784000000000002,0.0
2.7850000000000024,0.0
2.7860000000000023,0.0
2.787000000000002,0.0
2.788000000000002,0.0
2.7890000000000024,0.0
2.7900000000000023,0.0
2.791000000000002,0.0
2.792000000000002,0.0
2.7930000000000024,0.0
2.7940000000000023,0.0
2.795000000000002,0.0
2.796000000000002,0.0
2.7970000000000024,0.0
2.7980000000000023,0.0
2.799000000000002,0.0
2.800000000000002,0.0
2.8010000000000024,0.0
2.8020000000000023,0.0
2.803000000000002,0.0
2.804000000000002,0.0
2.8050000000000024,0.0
2.8060000000000023,0.0
2.807000000000002,0.0
2.808000000000002,0.0
2.8090000000000024,0.0
2.8100000000000023,0.0
2.811000000000002,0.0
2.812000000000002,0.0
2.8130000000000024,0.0
2.8140000000000023,0.0
2.815000000000002,0.0
2.816000000000002,0.0
2.8170000000000024,0.0
2.8180000000000023,0.0
2.819000000000002,0.0
2.820000000000002,0.0
2.8210000000000024,0.0
2.8220000000000023,0.0
2.823000000000002,0.0
2.824000000000002,0.0
2.8250000000000024,0.0
2.8260000000000023,0.0
2.827000000000002,0.0
2.828000000000002,0.0
2.8290000000000024,0.0
2.8300000000000023,0.0
2.831000000000002,0.0
2.832000000000002,0.0
2.8330000000000024,0.0
2.8340000000000023,0.0
2.835000000000002,0.0
2.836000000000002,0.0
2.8370000000000024,0.0
2.8380000000000023,0.0
2.839000000000002,0.0
2.840000000000002,0.0
2.8410000000000024,0.0
2.8420000000000023,0.0
2.843000000000002,0.0
2.844000000000002,0.0
2.8450000000000024,0.0
2.8460000000000023,0.0
2.847000000000002,0.0
2.848000000000002,0.0
2.8490000000000024,0.0
2.8500000000000023,0.0
2.851000000000002,0.0
2.852000000000002,0.0
2.8530000000000024,0.0
2.8540000000000023,0.0
2.855000000000002,0.0
2.856000000000002,0.0
2.8570000000000024,0.0
2.8580000000000023,0.0
2.859000000000002,0.0
2.860000000000002,0.0
2.8610000000000024,0.0
2.8620000000000023,0.0
2.863000000000002,0.0
2.864000000000002,0.0
2.8650000000000024,0.0
2.8660000000000023,0.0
2.867000000000002,0.0
2.868000000000002,0.0
2.8690000000000024,0.0
2.8700000000000023,0.0
2.871000000000002,0.0
2.872000000000002,0.0
2.8730000000000024,0.0
2.8740000000000023,0.0
2.875000000000002,0.0
2.876000000000002,0.0
2.8770000000000024,0.0
2.8780000000000023,0.0
2.8790000000000022,0.0
2.880000000000002,0.0
2.8810000000000024,0.0
2.8820000000000023,0.0
2.8830000000000022,0.0
2.884000000000002,0.0
2.8850000000000025,0.0
2.8860000000000023,0.0
2.8870000000000022,0.0
2.888000000000002,0.0
2.8890000000000025,0.0
2.8900000000000023,0.0
2.8910000000000022,0.0
2.892000000000002,0.0
2.8930000000000025,0.0
2.8940000000000023,0.0
2.8950000000000022,0.0
2.896000000000002,0.0
2.8970000000000025,0.0
2.8980000000000024,0.0
2.8990000000000022,0.0
2.900000000000002,0.0
2.9010000000000025,0.0
2.9020000000000024,0.0
2.9030000000000022,0.0
2.904000000000002,0.0
2.9050000000000025,0.0
2.9060000000000024,0.0
2.9070000000000022,0.0
2.908000000000002,0.0
2.9090000000000025,0.0
2.9100000000000024,0.0
2.9110000000000023,0.0
2.912000000000002,0.0
2.9130000000000025,0.0
2.9140000000000024,0.0
2.9150000000000023,0.0
2.916000000000002,0.0
2.9170000000000025,0.0
2.9180000000000024,0.0
2.9190000000000023,0.0
2.920000000000002,0.0
2.9210000000000025,0.0
2.9220000000000024,0.0
2.9230000000000023,0.0
2.924000000000002,0.0
2.9250000000000025,0.0
2.9260000000000024,0.0
2.9270000000000023,0.0
2.928000000000002,0.0
2.9290000000000025,0.0
2.9300000000000024,0.0
2.9310000000000023,0.0
2.932000000000002,0.0
2.9330000000000025,0.0
2.9340000000000024,0.0
2.9350000000000023,0.0
2.936000000000002,0.0
2.9370000000000025,0.0
2.9380000000000024,0.0
2.9390000000000023,0.0
2.940000000000002,0.0
2.9410000000000025,0.0
2.9420000000000024,0.0
2.9430000000000023,0.0
2.944000000000002,0.0
2.9450000000000025,0.0
2.9460000000000024,0.0
2.9470000000000023,0.0
2.948000000000002,0.0
2.9490000000000025,0.0
2.9500000000000024,0.0
2.9510000000000023,0.0
2.952000000000002,0.0
2.9530000000000025,0.0
2.9540000000000024,0.0
2.9550000000000023,0.0
2.956000000000002,0.0
2.9570000000000025,0.0
2.9580000000000024,0.0
2.9590000000000023,0.0
2.960000000000002,0.0
2.9610000000000025,0.0
2.9620000000000024,0.0
2.9630000000000023,0.0
2.964000000000002,0.0
2.9650000000000025,0.0
2.9660000000000024,0.0
2.9670000000000023,0.0
2.968000000000002,0.0
2.9690000000000025,0.0
2.9700000000000024,0.0
2.9710000000000023,0.0
2.972000000000002,0.0
2.9730000000000025,0.0
2.9740000000000024,0.0
2.9750000000000023,0.0
2.976000000000002,0.0
2.9770000000000025,0.0
2.9780000000000024,0.0
2.9790000000000023,0.0
2.980000000000002,0.0
2.9810000000000025,0.0
2.9820000000000024,0.0
2.9830000000000023,0.0
2.984000000000002,0.0
2.9850000000000025,0.0
2.9860000000000024,0.0
2.9870000000000023,0.0
2.988000000000002,0.0
2.9890000000000025,0.0
2.9900000000000024,0.0
2.9910000000000023,0.0
2.992000000000002,0.0
2.9930000000000025,0.0
2.9940000000000024,0.0
2.9950000000000023,0.0
2.996000000000002,0.0
2.9970000000000026,0.0
2.9980000000000024,0.0
2.9990000000000023,0.0
