gaia_Id,Sp_ID,enough_comparisons
2.421137424841636e+18,Sp0000-1245,True
2.772182900286956e+18,Sp0001+1535,False
2.738415592529108e+18,Sp0002+0115,True
4.23130041883476e+17,Sp0004+5843,False
4.996141155411984e+18,Sp0004-4044,False
2.3407363242547354e+18,Sp0004-2058,False
2.414623952318068e+18,Sp0004-1709,False
2.739077223651402e+18,Sp0005+0217,False
2.340605825968413e+18,Sp0005-2157,False
2.7417833622856627e+18,Sp0006+0439,False
2.44163050051708e+18,Sp0006-0732,False
2.336406413104712e+18,Sp0007-2458,False
4.202354787442482e+17,Sp0008+5453,False
3.936215249103433e+17,Sp0008+4918,True
2.8602970405821537e+18,Sp0008+2911,False
2.3647400718376607e+18,Sp0010-2031,False
2.429635550212645e+18,Sp0010-0746,False
2.3102404372498345e+18,Sp0011-3334,False
4.230271044075766e+17,Sp0011+5908,True
3.9579763021958e+17,Sp0012+5159,False
3.830307196721185e+17,Sp0013+4012,False
2.361294885296928e+18,Sp0013-2235,False
2.3163631751239383e+18,Sp0014-3245,False
4.977142934516994e+18,Sp0014-4844,False
3.8384796175408704e+17,Sp0015+4239,False
2.876239130257161e+18,Sp0015+3516,True
4.9955379659094e+18,Sp0017-4054,False
4.900453540369793e+18,Sp0018-6356,False
2.5455635207589816e+18,Sp0019+0030,False
2.7412507863413565e+18,Sp0019+0450,True
4.998742462483975e+18,Sp0019-3724,False
4.191219483433979e+17,Sp0019+5213,True
2.8634195848865423e+18,Sp0020+3305,True
2.3612132164928763e+18,Sp0020-2155,False
4.99214147570736e+18,Sp0021-4244,False
2.755265775727402e+18,Sp0022+1203,False
4.1962435643870515e+17,Sp0025+5422,True
2.7478376469689866e+18,Sp0026+0632,False
4.92317969409811e+18,Sp0026-5428,False
4.923251780829182e+18,Sp0027-5401,False
2.8000812211355054e+18,Sp0028+2249,False
2.755053363824509e+18,Sp0029+1255,False
2.8000235654943887e+18,Sp0030+2244,False
4.99750554626226e+18,Sp0031-3840,False
2.7479107301367685e+18,Sp0031+0649,False
2.547532539925751e+18,Sp0032+0219,False
2.858055063359237e+18,Sp0032+2927,False
2.373841073178592e+18,Sp0033-1521,False
3.8101747952126336e+17,Sp0034+4050,True
2.857774451671082e+18,Sp0035+2848,False
2.794735086363871e+18,Sp0036+1821,False
2.362391480640928e+18,Sp0036-2031,False
3.6866336687035405e+17,Sp0037+3910,False
2.7763244857107753e+18,Sp0041+1341,False
2.5233398137821476e+18,Sp0042-0712,False
2.806483501252044e+18,Sp0043+2426,False
4.2448632813446144e+17,Sp0044+5610,True
5.001224335106302e+18,Sp0045-3604,False
2.5507668865226097e+18,Sp0046+0252,False
5.005816887800834e+18,Sp0046-3442,False
2.5230856547971533e+18,Sp0049-0635,False
2.3565902167750216e+18,Sp0050-2008,False
2.372272516761782e+18,Sp0050-1538,False
2.7889072967796055e+18,Sp0051+1844,False
2.349207644734248e+18,Sp0051-2251,False
2.3492063433595075e+18,Sp0051-2254,False
5.2633189119406874e+17,Sp0052+6724,True
2.342686956666282e+18,Sp0052-2705,False
5.00166870960199e+18,Sp0053-3631,False
4.0288470421542656e+17,Sp0053+4942,True
4.0289597420647974e+17,Sp0053+5001,False
4.920890648327138e+18,Sp0055-5450,False
5.031016873971269e+18,Sp0055-3052,False
2.4762624667959183e+18,Sp0058-0651,False
4.0221785040993946e+17,Sp0058+4835,False
4.241274063104919e+17,Sp0059+5726,True
4.0510262532536384e+17,Sp0102+5254,True
4.70945009553963e+18,Sp0102-6322,False
4.989399774745144e+18,Sp0102-3737,False
3.770032957116064e+17,Sp0103+4509,False
2.5361299128559e+18,Sp0103-0044,False
4.926974486681928e+18,Sp0103-5351,False
3.074094323541331e+17,Sp0103+2626,False
2.777311464900902e+18,Sp0104+1457,False
4.903260597849834e+18,Sp0106-5933,False
2.804241012928465e+18,Sp0107+2435,True
4.928644747924607e+18,Sp0109-5100,True
2.576519892681546e+18,Sp0109+0625,False
4.928939932436444e+18,Sp0109-4954,False
3.099773804150424e+17,Sp0109+2949,True
2.531195858721613e+18,Sp0109-0343,True
4.929042942932182e+18,Sp0111-4908,False
2.4560225193129216e+18,Sp0113-1408,False
4.705936189520134e+18,Sp0116-6455,False
2.7857696642572974e+18,Sp0117+1752,False
2.4566468013998607e+18,Sp0117-1247,False
2.4723877577557673e+18,Sp0120-0741,False
4.93507083933588e+18,Sp0121-4447,False
4.983839338285336e+18,Sp0123-4240,True
5.724816583793129e+17,Sp0124+8334,False
5.3185930794199424e+17,Sp0124+6819,True
3.0906244930182106e+17,Sp0125+2847,True
2.5903467667968184e+18,Sp0126+1419,False
5.016743873013788e+18,Sp0127-3140,False
2.559347994957228e+18,Sp0128+0211,True
2.5935377514087076e+18,Sp0130+1721,False
4.934682372428878e+18,Sp0130-4445,False
2.4854332570605414e+18,Sp0130-0211,False
2.4650080075084856e+18,Sp0132-0910,False
2.951611863526048e+17,Sp0132+2552,False
5.015644533184834e+18,Sp0134-3255,False
2.586051833860608e+18,Sp0135+1205,False
9.471299676928986e+16,Sp0141+1804,False
5.038991425649133e+18,Sp0141-2417,False
2.4671821543130276e+18,Sp0144-0716,False
4.061231439160572e+17,Sp0144+5121,True
5.022239300847947e+18,Sp0148-3024,False
4.712623767133748e+18,Sp0148-6209,False
4.699355032608266e+18,Sp0151-6430,False
2.5061369192783816e+18,Sp0151-0051,False
5.182011014988142e+17,Sp0151+6423,True
3.491864804578721e+17,Sp0154+4305,False
2.570824594248255e+18,Sp0155+0950,False
2.512629230496997e+18,Sp0156+0331,False
5.188913585639649e+17,Sp0157+6656,False
9.119631620196518e+16,Sp0158+1807,False
2.4908790350737326e+18,Sp0200-0554,False
2.571094283835173e+18,Sp0202+1020,False
5.221852849468658e+17,Sp0202+7053,True
4.958339052296792e+18,Sp0204-3945,False
4.96794576026671e+18,Sp0204-3632,False
7.663060463206694e+16,Sp0205+1251,False
2.4905022805425853e+18,Sp0205-0653,False
4.967628688601251e+18,Sp0207-3721,False
7.721647253068774e+16,Sp0207+1355,False
5.020168989172195e+18,Sp0207-2955,False
3.582753528129138e+17,Sp0208+4949,True
1.0544976646876595e+17,Sp0208+2542,False
4.936518694287843e+18,Sp0210-5228,False
5.14840331233217e+18,Sp0211-1427,False
1.0432039622818573e+17,Sp0212+2433,True
5.151948893734912e+18,Sp0212-1036,False
7.235481007046822e+16,Sp0212+1032,False
3.522001387496974e+17,Sp0213+4444,True
5.149965026866229e+18,Sp0213-1343,False
2.4928667802979994e+18,Sp0214-0357,False
4.97189201057698e+18,Sp0215-3040,False
5.123785831102567e+18,Sp0216-2200,True
7.420398246985882e+16,Sp0216+1335,False
3.2794432812664986e+17,Sp0217+3526,True
4.971581089304028e+18,Sp0218-3133,False
2.487828199544312e+18,Sp0218-0617,True
5.131045975099846e+18,Sp0219-1938,False
4.592154680530121e+17,Sp0219+5912,True
1.3219449346181709e+17,Sp0222+3033,True
5.11681788231988e+18,Sp0222-2732,False
5.136886757024589e+17,Sp0225+6229,True
5.145416111038393e+18,Sp0227-1624,True
4.699699420265888e+18,Sp0227-6447,False
4.5154833294746496e+17,Sp0227+5034,True
2.515419825368053e+18,Sp0228+0310,True
8.249361294801382e+16,Sp0228+1639,True
4.700401321000356e+18,Sp0228-6325,False
3.5458278044959424e+17,Sp0229+4906,False
5.175327809475722e+18,Sp0230-0953,False
5.126647207035089e+18,Sp0232-2152,True
1.3323978542163008e+17,Sp0233+3134,False
8.918616842816563e+16,Sp0233+2209,True
4.6511966939046886e+17,Sp0234+6012,False
5.141425678499928e+17,Sp0235+6314,True
5.062172669818054e+18,Sp0237-3434,True
5.132321541732365e+18,Sp0239-1735,False
1.8973108224425856e+16,Sp0240+0727,False
4.540103413452298e+17,Sp0241+5444,True
4.742124385662135e+18,Sp0242-5232,False
4.381890261513532e+17,Sp0243+4755,True
5.049878716772823e+18,Sp0244-3548,False
5.184938400096586e+18,Sp0246-0459,False
3.373216204233907e+16,Sp0246+1625,False
1.2869965709814285e+17,Sp0247+2850,False
8.387274412719642e+16,Sp0248+1916,True
5.156623295621846e+18,Sp0248-1651,False
5.079320515724161e+18,Sp0249-2147,False
5.174318457801944e+18,Sp0250-0808,False
2.4990820403565747e+18,Sp0251+0047,False
5.185492790179961e+18,Sp0251-0352,False
2.499091523644793e+18,Sp0252+0056,False
4.4025806651606784e+17,Sp0252+5014,False
3.5227046884571776e+16,Sp0253+1652,True
1.162976512684183e+17,Sp0253+2713,True
5.076670520902557e+18,Sp0253-2336,False
4.620448786799883e+18,Sp0253-7959,False
5.12804935923794e+18,Sp0254-1934,True
4.752399493622046e+18,Sp0255-4700,True
5.052876333365037e+18,Sp0257-3105,False
4.411313536291844e+17,Sp0257+5253,False
1.440711088266834e+17,Sp0257+4111,False
4.755271005677102e+18,Sp0259-4421,False
1.0988880414744883e+17,Sp0259+2254,False
4.328248868754207e+17,Sp0301+4416,True
5.044297634405582e+18,Sp0302-3950,False
5.074762692133599e+18,Sp0304-2435,False
5.072067381112863e+18,Sp0306-2647,False
5.047423236725996e+18,Sp0306-3647,True
4.6025725531612544e+17,Sp0307+5719,False
5.04663227554735e+18,Sp0309-3658,False
5.156148920778713e+18,Sp0309-1354,False
1.3533892921879936e+16,Sp0310+0726,True
769456276704128.0,Sp0310+0234,True
5.05973790439584e+18,Sp0310-2756,False
5.057544756654464e+18,Sp0311-3239,False
3.123503369686669e+16,Sp0314+1603,True
1.2184365663857587e+17,Sp0314+2840,True
4.750974938867963e+18,Sp0314-4623,False
5.684069026460993e+17,Sp0315+8122,False
5.05866447180795e+18,Sp0316-2848,False
4.3561619900505024e+17,Sp0319+4848,False
5.182151481717043e+18,Sp0320-0446,False
4.733921479163011e+18,Sp0320-5520,False
5.62522561239081e+16,Sp0320+1854,True
2.355058773193051e+17,Sp0321+3847,True
4.84799481411131e+18,Sp0323-4304,False
4.626805063519953e+18,Sp0324-7727,False
4.734086332891794e+18,Sp0324-5410,False
4.619083227718289e+18,Sp0325-8159,False
4.196670956489984e+16,Sp0325+1412,False
5.169818362867644e+18,Sp0325-0551,False
5.086024581717192e+18,Sp0326-2443,False
4.849342467474991e+18,Sp0326-4236,False
5.774415596579072e+16,Sp0326+1919,False
1.6386404041502592e+16,Sp0328+1129,True
1.2484373854169894e+17,Sp0329+3304,False
3.264130653394056e+18,Sp0330-0025,False
4.451004188053966e+17,Sp0330+5413,True
1.2144776373282112e+17,Sp0330+3146,True
5.055805741577758e+18,Sp0331-3042,True
5.086590967645571e+18,Sp0332-2317,False
5.100356956302641e+18,Sp0334-2130,False
2.228046282326898e+17,Sp0334+3740,True
5.165286828773803e+18,Sp0335-0829,True
3.277801633082032e+18,Sp0335+0658,False
4.848140361962952e+18,Sp0335-4430,False
4.732291624973485e+18,Sp0338-5435,False
4.860376345833699e+18,Sp0339-3525,True
6.855321425908224e+16,Sp0339+2457,True
4.85995911553029e+18,Sp0340-3649,False
2.485559121147365e+17,Sp0341+4741,True
2.478870998020055e+17,Sp0342+4629,False
3.269943938874147e+18,Sp0344+0111,False
6.992719147507008e+16,Sp0345+2540,False
3.250289726147348e+18,Sp0346-0218,False
4.8703231765776614e+17,Sp0346+6236,False
5.107303911284277e+18,Sp0347-1814,False
3.668582823132416e+16,Sp0348+1126,False
4.66750159663621e+18,Sp0348-6836,False
3.25724331256024e+18,Sp0351-0052,True
5.107660526713823e+18,Sp0351-1751,False
3.270388416449238e+18,Sp0352+0210,False
4.680959790759113e+18,Sp0352-5955,False
4.859110361272955e+18,Sp0353-3441,True
2.185194878233842e+17,Sp0354+3333,True
6.563844329498022e+16,Sp0354+2316,True
5.110641513191522e+18,Sp0354-1437,False
6.582979267714534e+16,Sp0354+2416,True
3.961203669460915e+16,Sp0355+1439,False
3.271885195372202e+18,Sp0355+0237,False
2.301348660956932e+17,Sp0356+4047,False
4.009125626067674e+16,Sp0357+1529,False
2.3017176845714074e+17,Sp0357+4107,True
5.111481883672141e+18,Sp0357-1249,False
1.6756399582037645e+17,Sp0358+3003,False
1.6357111934430093e+17,Sp0358+2710,False
5.094485220612595e+18,Sp0400-1913,False
2.3161896628015936e+17,Sp0401+4327,False
1.6720232521506317e+17,Sp0401+2849,True
1.632671387420069e+17,Sp0403+2616,False
2.3040902244938458e+17,Sp0404+4127,False
5.0976494089174e+18,Sp0407-1552,False
3.2983782072191503e+18,Sp0408+0742,False
5.098050661942147e+18,Sp0408-1450,False
3.1972079160986204e+18,Sp0409-0605,True
3.176447590378019e+18,Sp0410-1459,False
3.305248917940526e+18,Sp0410+1304,False
4.889645826401309e+18,Sp0413-2704,True
1.777008058374313e+17,Sp0413+3709,False
4.678628654309753e+18,Sp0416-5935,False
3.310480909661218e+18,Sp0416+1310,True
3.3123610702490184e+18,Sp0417+1634,False
3.1929825616325263e+18,Sp0417-0800,True
5.091393840591018e+18,Sp0417-2129,False
2.2915557919569946e+17,Sp0419+4233,True
4.654435618927744e+18,Sp0420-7005,False
4.676436812239613e+18,Sp0421-6306,False
4.86924620921368e+18,Sp0422-3606,False
3.203124697405668e+18,Sp0423-0414,False
1.4924224945423014e+17,Sp0424+2402,True
3.28067541717522e+18,Sp0426+0336,True
3.299496547982121e+18,Sp0427+0859,True
3.287088009506738e+18,Sp0428+0728,True
4.791186965315185e+18,Sp0429-4405,True
4.656710057512912e+18,Sp0429-6649,False
3.1976232909763645e+18,Sp0430-0849,True
4.715672785944534e+17,Sp0431+6035,False
3.1985399057146194e+18,Sp0432-0639,False
2.7748399002389824e+17,Sp0433+5635,True
4.871706606997689e+18,Sp0433-3210,False
3.171631420210205e+18,Sp0435-1606,True
2.727520398711237e+17,Sp0436+5211,True
2.57502810028613e+17,Sp0436+4810,False
4.894826415951734e+18,Sp0436-2338,False
4.894945708668731e+18,Sp0439-2353,False
4.677650123320081e+18,Sp0439-6105,False
3.3100834018495365e+18,Sp0439+1615,True
4.871414343064542e+18,Sp0439-3235,False
3.200303384927513e+18,Sp0440-0530,True
3.174528461551366e+18,Sp0442-1356,False
4.877448669035036e+18,Sp0443-3202,False
4.866394831963984e+18,Sp0444-3655,False
3.199991535942308e+18,Sp0445-0602,False
3.2930377418029343e+18,Sp0445+0938,False
4.866773609425147e+18,Sp0445-3642,False
4.777902390950472e+18,Sp0445-5321,False
4.878035808244169e+18,Sp0445-3048,True
2.5899601553808768e+17,Sp0446+4844,True
3.308694237625985e+18,Sp0447+1436,True
1.5478859841843533e+17,Sp0447+2819,False
4.787127426650319e+18,Sp0448-4636,False
2.6034311913930624e+17,Sp0449+5138,True
3.225923960064578e+18,Sp0449-0228,False
4.873243032763432e+18,Sp0451-3402,True
3.2331201648849736e+18,Sp0451+0305,True
4.774420478143249e+18,Sp0451-5818,False
2.9795662852333327e+18,Sp0453-1751,False
3.4116926686891996e+18,Sp0453+2033,False
4.785448614130285e+18,Sp0454-4945,False
2.610691447110564e+17,Sp0455+5252,True
3.2323096830805146e+18,Sp0455+0244,True
4.880607531583589e+18,Sp0455-2701,False
3.183260095703769e+18,Sp0456-0932,False
1.862764811370222e+17,Sp0457+3622,False
4.825454963182167e+18,Sp0459-3348,False
3.2384496351846205e+18,Sp0500+0330,True
3.239389064789381e+18,Sp0500+0442,False
2.9588686359707617e+18,Sp0503-2705,False
3.290144853694962e+18,Sp0505+0836,False
4.773243481010018e+18,Sp0506-4956,False
2.9829369798624876e+18,Sp0508-1647,False
1.8172412503864704e+17,Sp0508+3319,False
3.421840993510952e+18,Sp0510+2714,True
4.798435044748833e+18,Sp0511-4606,False
4.798428211455368e+18,Sp0511-4618,False
4.875960922428889e+18,Sp0512-2949,False
2.9563456991661804e+18,Sp0512-2617,False
4.784760942657289e+17,Sp0515+6424,False
2.8126160703304947e+17,Sp0515+5911,True
2.7984437090573414e+17,Sp0516+5640,True
4.825880783419986e+18,Sp0517-3349,True
2.954622425142244e+18,Sp0517-2816,False
3.4174425003220675e+18,Sp0518+2435,True
5.0381691670721e+17,Sp0520+7626,False
3.221419123485966e+18,Sp0522-0002,False
1.8374000659324557e+17,Sp0522+3534,True
2.8022545046606797e+17,Sp0522+5754,True
3.2374293571111434e+18,Sp0522+0518,False
2.9850358745441603e+18,Sp0523-1403,False
2.0921290787306534e+17,Sp0523+4623,False
4.624065321061825e+18,Sp0523-7658,False
3.4023512179013663e+18,Sp0525+2102,True
4.796425760263725e+18,Sp0526-5026,False
3.2358852991893545e+18,Sp0528+0258,True
2.093648852902556e+17,Sp0528+4712,True
2.9685302164419195e+18,Sp0529-2002,False
2.8716917563257293e+17,Sp0530+6253,False
3.3900227032555075e+18,Sp0530+1503,True
3.223589696879068e+18,Sp0531+0215,False
4.621347706273796e+18,Sp0532-8157,False
3.236465703888892e+18,Sp0532+0418,False
1.9031402527311475e+17,Sp0533+3740,True
3.224368700870634e+18,Sp0533+0323,False
2.153500768360324e+17,Sp0533+5054,True
2.972230554107163e+18,Sp0534-1511,False
3.0136724873883075e+18,Sp0535-0931,False
3.0155841601508444e+18,Sp0537-0816,True
4.795695444025222e+18,Sp0539-4708,False
1.9110928141791488e+17,Sp0539+4038,True
2.1058252140369152e+17,Sp0539+4712,True
2.6369673697806912e+17,Sp0539+5253,False
3.217523558083415e+18,Sp0539-0059,False
2.9151879252189834e+18,Sp0544-2433,True
3.0095064378307154e+18,Sp0544-1109,True
2.9969617660700006e+18,Sp0544-1309,False
3.3332786948525476e+18,Sp0544+0639,False
2.6520138428132045e+17,Sp0551+5511,True
4.756028878427601e+18,Sp0552-6452,False
3.218721677865938e+18,Sp0552-0002,False
4.656782698309778e+18,Sp0553-7133,True
4.767876769050722e+18,Sp0555-5402,True
3.349592221888644e+18,Sp0555+1608,False
3.348805143361118e+18,Sp0556+1546,True
3.323397147633734e+18,Sp0556+0802,True
2.883680659313633e+18,Sp0556-3832,False
3.3498022973321866e+18,Sp0557+1708,True
3.3149399790680745e+18,Sp0557+0048,True
3.342133409883693e+18,Sp0601+1115,False
2.999321180586629e+18,Sp0602-1001,True
3.457493517036545e+18,Sp0602+3910,True
3.005440443830196e+18,Sp0602-0915,True
5.207639982316987e+18,Sp0603-8127,False
3.4508196188937544e+18,Sp0604+3322,True
3.4237434879326976e+18,Sp0604+2219,True
3.4374455374129966e+18,Sp0604+2906,True
2.913249451860183e+18,Sp0605-2342,False
3.42633359802154e+18,Sp0607+2429,False
9.632929647077741e+17,Sp0607+4550,False
3.3301637483463946e+18,Sp0608+1041,False
2.8846601223119375e+18,Sp0609-3739,False
2.8866915731239956e+18,Sp0610-3346,True
1.1055053791963181e+18,Sp0611+6818,False
5.549762268067194e+18,Sp0611-5109,False
3.452063166545022e+18,Sp0611+3325,False
2.941124270643891e+18,Sp0614-2019,False
9.562009772717821e+17,Sp0614+3833,True
9.62577285717438e+17,Sp0614+4536,True
3.1212008075753206e+18,Sp0615-0100,False
5.567054149998654e+18,Sp0616-4557,False
9.984877134381848e+17,Sp0616+5729,False
9.708664995839411e+17,Sp0616+4946,True
5.500909385897324e+18,Sp0619-5249,False
3.369132776897492e+18,Sp0621+1555,True
2.9369061617898865e+18,Sp0622-2211,False
2.9449305737407073e+18,Sp0622-1548,False
5.279817796789376e+18,Sp0623-6838,False
3.43221879843575e+18,Sp0623+2631,False
9.713471278987668e+17,Sp0623+5137,True
3.4335946697348874e+18,Sp0624+2815,True
1.1043173912378385e+18,Sp0624+6626,False
5.556620540565786e+18,Sp0624-4521,False
3.001340395034929e+18,Sp0625-1034,False
3.120389196196563e+18,Sp0626+0041,True
9.424570132042276e+17,Sp0626+3454,True
9.982198105587479e+17,Sp0627+5651,False
2.9402116072770847e+18,Sp0630-1840,True
1.1437892359053366e+18,Sp0632+8305,False
3.002163349423053e+18,Sp0632-1009,False
5.550802234268443e+18,Sp0632-5010,False
3.382740882560781e+18,Sp0634+2413,True
2.923887295576779e+18,Sp0640-2352,False
5.55711308311938e+18,Sp0641-4322,False
5.280389615847484e+18,Sp0642-6707,False
3.357958852543597e+18,Sp0643+1631,True
2.94545552183376e+18,Sp0643-1843,True
3.106548406384808e+18,Sp0643-0223,False
2.918659736262929e+18,Sp0644-2841,False
1.1130832820523378e+18,Sp0644+7206,False
5.193899140691017e+18,Sp0644-8422,False
2.9260332674026604e+18,Sp0646-2150,True
5.285057661182231e+18,Sp0648-6537,False
2.920995300823951e+18,Sp0652-2534,True
9.546979448757551e+17,Sp0652+4710,True
2.946390896983338e+18,Sp0652-1614,False
1.1496241078920244e+18,Sp0655+8318,False
3.3799567086642893e+18,Sp0656+2211,True
1.1032997588708079e+18,Sp0656+6841,False
3.3650637248831805e+18,Sp0659+1920,True
3.3612107913239096e+18,Sp0659+1717,False
8.906639682225574e+17,Sp0700+3157,True
3.1538773998018007e+18,Sp0703+0711,True
5.60406484526305e+18,Sp0703-3216,False
5.610424179998567e+18,Sp0703-2748,False
9.776533725457743e+17,Sp0703+4632,True
5.287064510419676e+18,Sp0703-6134,False
8.882400905417386e+17,Sp0704+3038,False
3.1160217298537815e+18,Sp0704+0258,True
9.778175133111057e+17,Sp0705+4742,False
3.368207228624547e+18,Sp0706+2234,False
9.474638112002885e+17,Sp0706+3858,True
5.609768282659318e+18,Sp0707-2742,True
5.50854542113882e+18,Sp0707-4900,True
5.262552028253814e+18,Sp0710-7431,False
5.565156633450986e+18,Sp0711-3824,True
5.606193224898464e+18,Sp0711-3001,False
9.779109374397382e+17,Sp0713+4732,False
8.982751957323814e+17,Sp0714+3702,True
3.0452511485307633e+18,Sp0715-1145,False
5.281455523646946e+18,Sp0715-6544,False
3.0580393621148744e+18,Sp0716-0630,False
3.0472065268921697e+18,Sp0717-1004,True
5.504230937511574e+18,Sp0719-5051,False
3.0484433056719693e+18,Sp0720-0846,True
8.981526044795255e+17,Sp0721+3714,True
3.362890608868094e+18,Sp0721+1937,True
5.604989328392927e+18,Sp0721-3105,True
3.1360333568738555e+18,Sp0722+0243,True
3.028064269960443e+18,Sp0723-1616,False
9.89476558517918e+17,Sp0723+5727,False
3.0316229424295946e+18,Sp0723-1439,False
5.592471388502461e+18,Sp0723-3309,False
5.207997014358307e+18,Sp0723-8015,False
1.0890402612856128e+18,Sp0726+6302,False
1.1364963170131634e+18,Sp0729+7554,False
5.512300532524769e+18,Sp0729-4258,True
5.613310741626546e+18,Sp0729-2608,False
3.060426058267357e+18,Sp0730-0339,True
3.1685258152562145e+18,Sp0730+1553,False
3.1362329525938504e+18,Sp0731+0249,True
9.893804929851848e+17,Sp0732+5755,False
8.936538839347498e+17,Sp0732+3427,False
5.716282646967278e+18,Sp0733-2010,False
5.535283658436275e+18,Sp0734-4330,False
1.086480151539161e+18,Sp0735+6137,False
8.673021979906176e+17,Sp0737+2313,True
5.614156231711666e+18,Sp0737-2526,False
5.494175873610006e+18,Sp0739-4926,False
3.1655455889908275e+18,Sp0740+1502,False
5.717278911884264e+18,Sp0740-1724,True
3.0574922176422595e+18,Sp0741-0359,False
6.711430357626924e+17,Sp0741+1738,True
3.138513408427398e+18,Sp0741+0531,False
3.043684378825476e+18,Sp0741-0706,False
5.59988697596076e+18,Sp0743-2836,True
5.518349869403885e+18,Sp0745-4815,True
3.0885822833058714e+18,Sp0748+0228,False
1.0877734134373212e+18,Sp0750+6131,False
5.602408602804817e+18,Sp0751-2530,True
3.1456659033662976e+18,Sp0753+0854,True
6.668026448936454e+17,Sp0754+1603,False
5.698599996038908e+18,Sp0755-2404,True
5.545089511154751e+18,Sp0757-3635,False
3.0360059393712835e+18,Sp0758-1252,False
5.537753986185229e+18,Sp0758-3945,False
3.094326750525827e+18,Sp0759+0323,False
1.0809259986168808e+18,Sp0800+5511,False
1.0811275571377257e+18,Sp0801+5624,False
3.0942900199676314e+18,Sp0802+0319,False
3.1461870718773647e+18,Sp0803+0827,True
1.0850378328030013e+18,Sp0804+6153,True
3.0848857595766784e+18,Sp0804+0151,True
3.09420305117139e+18,Sp0804+0330,False
5.595785866305529e+18,Sp0805-3158,True
9.330549518344364e+17,Sp0805+4812,False
3.0395334776150753e+18,Sp0805-0835,False
3.0944475250085115e+18,Sp0805+0417,True
5.597587141239789e+18,Sp0806-2839,True
9.019414528292506e+17,Sp0807+3213,True
5.595984980999231e+18,Sp0807-3056,False
9.019229329303519e+17,Sp0808+3157,True
5.54111151674673e+18,Sp0809-3720,False
5.533697234964804e+18,Sp0810-4115,True
3.091512065183574e+18,Sp0810+0324,False
6.537997516643315e+17,Sp0810+1420,True
6.693995152627923e+17,Sp0811+1855,False
5.547451060267538e+18,Sp0811-3324,False
5.69778776617039e+18,Sp0812-2444,True
5.320834841834014e+18,Sp0813-5232,False
5.54166474289949e+18,Sp0814-3602,True
3.062563886824653e+18,Sp0815-0843,False
6.774391142207356e+17,Sp0818+2333,True
5.723469746454888e+18,Sp0819-1345,True
3.066152486619261e+18,Sp0819-0450,False
6.561676186715914e+17,Sp0819+1658,False
3.0659487977944684e+18,Sp0819-0511,False
9.300682659365976e+17,Sp0821+4532,False
1.0899808591232849e+18,Sp0823+6125,False
6.009761894076179e+17,Sp0823+1034,False
6.790886565395986e+17,Sp0823+2428,False
6.642146006777329e+17,Sp0825+2115,False
5.706507649294127e+18,Sp0825-2021,True
5.643514699699714e+18,Sp0826-3040,False
5.321416174249028e+18,Sp0827-5216,False
9.179488260052067e+17,Sp0827+4502,True
7.073302998943284e+17,Sp0828+2853,False
5.722292856694743e+18,Sp0828-1506,True
5.723739672264914e+18,Sp0828-1309,True
6.517501589077642e+17,Sp0829+1456,False
3.072877335956147e+18,Sp0829-0238,False
7.037900442528507e+17,Sp0829+2646,False
3.076592967999683e+18,Sp0830-0050,False
5.998915555460671e+17,Sp0830+0947,True
5.695386260975297e+18,Sp0831-2535,False
6.000769606932745e+17,Sp0831+1025,False
3.073123351683583e+18,Sp0832-0128,False
3.073118648694573e+18,Sp0832-0134,True
9.10087150363664e+17,Sp0833+3706,True
5.321049521489667e+18,Sp0833-5336,True
5.321275024453206e+18,Sp0833-5217,False
6.015229859874646e+17,Sp0835+1029,True
5.753687109122994e+18,Sp0835-0819,True
5.639822062919251e+18,Sp0836-3250,True
5.302788969813884e+18,Sp0838-5856,True
6.594645042885935e+17,Sp0840+1824,True
1.0148656263282459e+18,Sp0840+4827,False
1.0406817470331852e+18,Sp0840+5911,False
7.176024872772243e+17,Sp0841+3611,False
1.040827088726735e+18,Sp0841+5929,False
5.983907908923699e+17,Sp0843+1024,False
5.822121988441729e+17,Sp0844+0434,False
5.642349874502561e+18,Sp0844-2924,False
5.733429157137238e+18,Sp0847-1532,True
5.209118447500281e+18,Sp0848-7853,False
5.304517397788265e+18,Sp0848-5656,False
5.779607653374019e+17,Sp0849+0220,False
5.76203893072847e+18,Sp0850-0318,False
7.067291075524447e+17,Sp0850+3126,False
5.318399114355535e+18,Sp0850-5227,True
1.1258484402512394e+18,Sp0851+7727,False
6.908963462701303e+17,Sp0852+2540,False
5.761985432616501e+18,Sp0853-0329,True
5.65271816607327e+18,Sp0853-2446,True
5.756746775106229e+18,Sp0854-0805,False
5.652642883884415e+18,Sp0855-2512,True
1.0371314927045507e+18,Sp0857+5708,False
5.850087723101065e+17,Sp0858+0758,False
1.0442798644747423e+18,Sp0859+6341,False
6.04031766579903e+17,Sp0859+1145,True
6.851039128570726e+17,Sp0900+2150,True
5.222467957473239e+18,Sp0901-6940,False
5.765064894108908e+17,Sp0902+0033,False
1.1178403148129413e+18,Sp0902+6939,False
5.833707405031607e+17,Sp0903+0540,True
1.0364631614344972e+18,Sp0905+5623,False
5.75670797866632e+18,Sp0906-0611,False
5.627865354993449e+18,Sp0906-3332,False
5.624353446139279e+18,Sp0906-3449,False
5.624087604843625e+18,Sp0906-3548,True
5.42722262486558e+18,Sp0907-4308,False
5.903768973140637e+17,Sp0908+0836,False
6.071398797924237e+17,Sp0908+1459,False
1.0161864833899308e+18,Sp0908+5032,False
6.363428399067378e+17,Sp0909+1940,False
1.1238552962516458e+18,Sp0911+7401,True
6.877156309306358e+17,Sp0912+2425,False
5.745767739185914e+18,Sp0913-0733,True
5.248689458672718e+18,Sp0914-6514,False
6.385102479081686e+17,Sp0916+2139,False
5.739240415392701e+18,Sp0916-1121,False
6.38558836873447e+17,Sp0919+2154,True
3.842388385654734e+18,Sp0919+0016,False
5.676353096222034e+18,Sp0921-2104,True
1.0390035443951628e+18,Sp0921+6017,False
5.744451451968478e+18,Sp0922-0852,False
5.196015013380779e+18,Sp0922-8010,False
5.674971525503692e+18,Sp0923-2300,True
6.393858714825786e+17,Sp0923+2340,False
5.637175400984142e+18,Sp0923-2727,True
5.24723136880738e+18,Sp0924-6655,False
6.314565071541116e+17,Sp0925+1704,False
6.972748838057718e+17,Sp0925+3007,False
1.0199031762902669e+18,Sp0926+5309,False
8.144821747877332e+17,Sp0928+4230,False
6.960883432562783e+17,Sp0931+2802,False
5.682008056323531e+18,Sp0931-1717,True
7.991106929939624e+17,Sp0931+3638,False
3.8523626053859195e+18,Sp0931+0528,True
5.424690587034891e+18,Sp0933-4353_1,True
5.424690587034982e+18,Sp0933-4353_2,True
5.688160373636499e+18,Sp0933-1602,True
5.437808478004462e+18,Sp0936-3346,False
5.661194163772723e+18,Sp0936-2609,True
5.657734928392399e+18,Sp0938-2748,True
8.01063150766338e+17,Sp0939+3950,False
6.965015534691223e+17,Sp0939+2935,False
7.940313959482246e+17,Sp0941+3315,False
5.40885878783622e+18,Sp0942-5047,True
6.417104108604209e+17,Sp0942+2351,False
5.432670704985289e+18,Sp0943-3833,True
3.827116478382552e+18,Sp0943-0229,True
5.440115876171568e+18,Sp0944-3124,True
1.0650178220051864e+18,Sp0944+6537,False
3.8339907968780145e+18,Sp0947-0020,True
7.996117954186017e+17,Sp0947+3710,False
3.847024132835801e+18,Sp0947+0224,True
3.8539438061857777e+18,Sp0949+0806,True
5.249745436512984e+18,Sp0951-6317,False
3.7708020010689454e+18,Sp0952-0955,True
5.433620854830342e+18,Sp0956-3811,True
5.418335478542731e+18,Sp0956-4234,True
5.671734597630044e+18,Sp0956-1910,False
6.439151764874259e+17,Sp0957+2627,False
5.404351271207812e+18,Sp0958-5344,True
6.270744379215622e+17,Sp0959+2002,True
3.770393876095977e+18,Sp1000-0949,False
1.0651137543942916e+18,Sp1002+6349,False
7.389634212231272e+17,Sp1002+2556,False
3.830128624846459e+18,Sp1003-0105,True
5.45878441537881e+18,Sp1004-3335,False
3.7653254710892764e+18,Sp1004-1318,False
3.7663337876769966e+18,Sp1005-1202,True
5.673602319993219e+18,Sp1006-1653,True
7.470771255464562e+17,Sp1009+3324,False
8.084485016515333e+17,Sp1011+4245,False
6.25400392813472e+17,Sp1011+2019,False
5.461814875584141e+18,Sp1012-3049,True
5.202336655483914e+18,Sp1013-7842,False
7.533475372806008e+17,Sp1013+3520,False
7.409313408785559e+17,Sp1016+2751,False
3.8738645130446356e+18,Sp1017+0719,True
5.462412288353491e+18,Sp1018-2909,False
5.471876437768941e+18,Sp1019-2707,False
1.126534535505719e+18,Sp1019+7419,False
8.472289983170175e+17,Sp1021+5055,False
5.668026421651069e+18,Sp1021-2044,True
3.8564986588917376e+18,Sp1022+0200,False
8.047458275274638e+17,Sp1022+4114,False
1.0471880040101094e+18,Sp1022+5825,False
3.860610076465868e+18,Sp1025+0512,False
3.8893680436078295e+18,Sp1029+1626,False
7.274685081912456e+17,Sp1029+2546,False
5.357078043648623e+18,Sp1031-5338,True
5.392287051645815e+18,Sp1032-4208,True
3.858864567396888e+18,Sp1032+0501,False
5.357217647259628e+18,Sp1032-5255,True
7.562949886524732e+17,Sp1032+4027,False
3.88396129396262e+18,Sp1033+1303,False
5.475243898288297e+18,Sp1035-2058,True
7.244075021793234e+17,Sp1035+2507,False
5.364671030411596e+18,Sp1035-4816,False
3.9870414754346957e+18,Sp1036+1923,False
5.366988835279331e+18,Sp1036-4437,True
5.444217638657849e+18,Sp1036-3441,False
7.35453264711448e+17,Sp1037+3011,False
3.8058631934954424e+18,Sp1039-0121,False
3.886142248290633e+18,Sp1039+1512,False
3.7782009927690957e+18,Sp1042-0323,False
5.471345889049823e+18,Sp1042-2416,True
5.254061535097567e+18,Sp1044-6112,True
5.469802724480367e+18,Sp1045-2607,True
3.8026651221925315e+18,Sp1045-0149,False
7.813649189170802e+17,Sp1046+4441,False
5.351297052033256e+18,Sp1046-5658,True
3.557260144122277e+18,Sp1046-1602,False
3.555963059703156e+18,Sp1047-1815,False
1.1282481243786015e+18,Sp1047+7613,False
3.757613049856226e+18,Sp1048-1120,False
5.393446658454453e+18,Sp1048-3956,True
3.554140967072258e+18,Sp1048-1925,False
5.353652721316105e+18,Sp1048-5254,False
3.808159454810609e+18,Sp1048+0111,False
8.325624752743425e+17,Sp1050+4907,False
5.387738200239483e+18,Sp1050-4517,False
8.510530310377294e+17,Sp1051+5613,False
5.362775747244036e+18,Sp1051-4841,True
5.449420287163389e+18,Sp1054-3445,True
5.353308264949689e+18,Sp1054-5431,True
5.225863906515478e+18,Sp1055-7356,True
3.86593463332149e+18,Sp1055+0808,False
3.8649727281508265e+18,Sp1056+0700,False
3.5627172264883036e+18,Sp1058-1548,False
3.5498867117719654e+18,Sp1059-2113,False
8.330433741721235e+17,Sp1100+4957,False
1.0559240705683246e+18,Sp1101+6508,False
3.985153334796557e+18,Sp1104+1959,False
5.240416767548127e+18,Sp1104-6412,False
7.789476082438643e+17,Sp1105+4331,False
3.8154139294515e+18,Sp1106+0428,True
8.425652092929194e+17,Sp1106+5259,False
3.969552570469132e+18,Sp1108+1545,False
3.56305154244809e+18,Sp1112-1502,False
7.851382366661644e+17,Sp1114+4516,True
3.9990710560600115e+18,Sp1115+2902,False
3.537580256079444e+18,Sp1115-2429,False
5.235273458327588e+18,Sp1115-6731,True
7.883574349138917e+17,Sp1119+4641,False
3.8186762491700813e+18,Sp1119+0820,True
3.562157781229213e+18,Sp1121-1313,False
3.812678894277122e+18,Sp1122+0343,False
3.5614458818107945e+18,Sp1122-1431,False
5.39593983542862e+18,Sp1122-3916,False
7.639736686230225e+17,Sp1122+3755,False
5.237048997789473e+18,Sp1122-6533,True
3.786550031235785e+18,Sp1123-0509,False
7.640726933892515e+17,Sp1124+3808,False
5.383082833650179e+18,Sp1124-4213,True
3.5330770043457024e+18,Sp1126-2706,False
8.639657643134852e+17,Sp1127+6346,False
3.548015725233043e+18,Sp1128-1715,False
3.7986848256754975e+18,Sp1128+0141,False
7.891485678942106e+17,Sp1130+4848,False
5.336733745639779e+18,Sp1130-5759,False
5.237375312240965e+18,Sp1131-6446,False
3.9162353661475804e+18,Sp1133+1039,False
3.793379505977547e+18,Sp1134-0224,False
3.797370909280252e+18,Sp1134+0022,False
3.5921164837888e+18,Sp1136-0755,False
3.5728507723283717e+18,Sp1138-1432,False
3.483753359401247e+18,Sp1138-2842,False
3.792303255892637e+18,Sp1139-0310,False
3.5404910799712876e+18,Sp1141-2232,True
3.896799367823016e+18,Sp1143+0413,False
8.59631970514261e+17,Sp1144+6043,False
5.379241586700316e+18,Sp1144-4302,True
3.5424900951896504e+18,Sp1145-2021,True
4.031116292386738e+18,Sp1146+3431,False
5.34444338372494e+18,Sp1147-5424,True
3.490715741903589e+18,Sp1148-2544,True
5.381471151464275e+18,Sp1149-4012,False
3.4792430596235643e+18,Sp1150-3139,True
3.4809330433536676e+18,Sp1150-2850,False
1.0760661228620268e+18,Sp1152+7412,False
4.0046004012519194e+18,Sp1152+2438,False
3.8991280647315087e+18,Sp1153+0659,True
3.8922634356823834e+18,Sp1154+0135,False
3.4608064486491735e+18,Sp1155-3727,True
3.493736924979793e+18,Sp1155-2224,False
3.8982321001926236e+18,Sp1155+0559,False
5.371170445500508e+18,Sp1157-4844,False
3.4878239919639153e+18,Sp1158-2545,False
3.920340594673229e+18,Sp1158+1354,False
4.0349792890527124e+18,Sp1158+3953,False
3.5669239236179866e+18,Sp1158-1900,True
5.36847901714117e+18,Sp1159-5247,True
3.891237587037953e+18,Sp1159+0057,False
3.9996451428646e+18,Sp1159+2105,False
3.999432971480097e+18,Sp1200+2048,False
4.0271535794660096e+18,Sp1201+3248,False
4.0351230158377073e+18,Sp1201+4046,False
3.5745235761910753e+18,Sp1201-1213,False
3.486653767994942e+18,Sp1201-2737,False
3.473814014803013e+18,Sp1201-2932,False
3.595706561051609e+18,Sp1202-0629,False
1.5372028500349883e+18,Sp1202+4204,False
3.6989794620022856e+18,Sp1203+0015,False
4.0268802864026547e+18,Sp1204+3212,False
3.4864074043743314e+18,Sp1205-2758,False
6.14947356813183e+18,Sp1206-4017,True
3.4593680769865933e+18,Sp1206-3937,False
1.6925917388516964e+18,Sp1207+7521,False
1.6927591437919846e+18,Sp1207+7617,False
3.8953447482999434e+18,Sp1209+0542,False
3.9067506352493486e+18,Sp1210+1100,False
3.8938177671656545e+18,Sp1211+0406,False
3.5712169667673016e+18,Sp1211-1304,False
3.597096309389075e+18,Sp1213-0432,False
1.532756248918039e+18,Sp1213+3900,False
3.6985681415724626e+18,Sp1215+0050,True
1.5753122666510945e+18,Sp1216+5709,False
3.698498322584981e+18,Sp1217+0035,False
3.58467175927584e+18,Sp1218-0550,False
4.016348232027455e+18,Sp1220+3315,False
3.902307264331683e+18,Sp1221+0857,False
3.7014799189463813e+18,Sp1221+0257,False
6.131567952556034e+18,Sp1221-4548,True
3.582675080520661e+18,Sp1223-0858,False
3.474993275382942e+18,Sp1223-2757,True
3.576327737332307e+18,Sp1224-1238,True
3.5278601996280893e+18,Sp1225-1402,True
3.500860141124528e+18,Sp1228-2415,False
3.901165013100805e+18,Sp1229+0752,True
5.856405272135505e+18,Sp1232-6856,True
3.579412034951072e+18,Sp1232-0951,False
3.9604563150674176e+18,Sp1232+2528,True
6.127211412606465e+18,Sp1233-5020,True
3.9493569857025275e+18,Sp1237+2107,False
1.5712946168038508e+18,Sp1239+5515,False
3.4963557555200655e+18,Sp1239-2658,True
5.841837425942436e+18,Sp1239-7304,False
6.160649004315403e+18,Sp1241-3152,False
6.060965630906109e+18,Sp1245-5721,True
3.709637096929193e+18,Sp1246+0706,False
6.160573275451467e+18,Sp1246-3139,False
1.5218951055548308e+18,Sp1246+4027,False
1.51347964971492e+18,Sp1246+3148,True
1.520922656239575e+18,Sp1247+3857,False
3.4959065019382856e+18,Sp1249-2617,False
1.569931222385549e+18,Sp1249+5255,False
3.682760325461047e+18,Sp1250-0149,True
3.502592975744958e+18,Sp1250-2121,True
6.152709705729645e+18,Sp1251-3846,True
1.5310177191733832e+18,Sp1251+4620,False
6.159726548418451e+18,Sp1252-3149,False
6.060561079334178e+18,Sp1253-5709,False
1.527127269076696e+18,Sp1253+4034,False
3.6887666138866555e+18,Sp1254-0122,False
6.056881391901175e+18,Sp1255-5928,True
3.5261981847232896e+18,Sp1256-1257,False
6.154179404881996e+18,Sp1256-3822,False
6.135947032490329e+18,Sp1259-4336,True
1.4647456178815503e+18,Sp1300+3038,False
3.9413421987720525e+18,Sp1300+1912,False
3.5246635413679626e+18,Sp1301-1510,False
1.7260714212408397e+18,Sp1304+8336,False
3.9414196799820616e+18,Sp1305+1934,False
3.9432398828281825e+18,Sp1305+2046,False
1.5227680490678134e+18,Sp1306+3820,False
6.063336349785594e+18,Sp1307-5726,False
3.7306791381444424e+18,Sp1308+0725,False
1.5578563513297388e+18,Sp1308+5239,False
3.504014060164255e+18,Sp1309-2330,False
6.067637295632046e+18,Sp1309-5438,True
1.5265249772227512e+18,Sp1311+4328,False
1.4743224328772365e+18,Sp1311+3629,False
3.9372121195685565e+18,Sp1312+1731,False
6.063084218010733e+18,Sp1312-5750,False
1.6784896475278323e+18,Sp1314+6622,False
1.4666504874161014e+18,Sp1315+3232,True
6.186534394250283e+18,Sp1315-2649,False
1.5560057014617446e+18,Sp1317+4833,False
1.688578285187648e+18,Sp1318+7322,False
3.9403292736839127e+18,Sp1319+2053,False
6.138329227510028e+18,Sp1320-3916,False
1.5255469959894653e+18,Sp1320+4238,False
3.732207661169874e+18,Sp1320+0957,False
3.715937882671184e+18,Sp1320+0409,False
3.6313362997741445e+18,Sp1321-0724,False
1.4764527022978176e+18,Sp1322+3902,False
1.4624214908165133e+18,Sp1323+3014,False
3.7165082543282627e+18,Sp1325+0517,False
6.166055474788409e+18,Sp1326-3614,True
6.189238677458229e+18,Sp1326-2729,False
3.7114826271958487e+18,Sp1327+0149,False
6.166184667404111e+18,Sp1327-3549,True
6.136908241874305e+18,Sp1329-4147,True
3.6321511066102154e+18,Sp1330-0453,True
1.470418960441678e+18,Sp1330+3526,False
1.4412049321948467e+18,Sp1330+1958,False
1.4700808906796137e+18,Sp1331+3407,False
5.864005027836958e+18,Sp1331-6513,True
3.638566658174118e+18,Sp1331-0116,False
3.744966432753804e+18,Sp1332+1542,False
3.6336704985358884e+18,Sp1332-0441,True
1.5013437901242373e+18,Sp1332+4240,False
3.7178624746966815e+18,Sp1332+0525,False
3.6375674726871035e+18,Sp1333-0216,False
5.865271012355609e+18,Sp1334-6257,True
1.4755319257322542e+18,Sp1336+3743,False
1.552186307304379e+18,Sp1336+4751,False
1.5585816510473925e+18,Sp1337+4938,False
1.5009987152705265e+18,Sp1338+4140,False
6.293503127445127e+18,Sp1338-1838,False
6.293616033542703e+18,Sp1339-1755,False
3.724596914697213e+18,Sp1341+0805,True
1.5622718182267786e+18,Sp1341+5510,False
3.7247010247043753e+18,Sp1343+0825,False
6.175390087989629e+18,Sp1343-2950,True
6.295409272582889e+18,Sp1346-1624,False
1.5609381106224855e+18,Sp1346+5306,False
6.171593062022434e+18,Sp1346-3149,True
3.6580919574587566e+18,Sp1348-0304,False
6.112093093362734e+18,Sp1348-4227,False
3.6657772001389425e+18,Sp1348+0353,False
6.064998845687183e+18,Sp1348-5423,False
1.4514353424313528e+18,Sp1350+2650,False
6.093403697794259e+18,Sp1351-5036,False
3.722120333475178e+18,Sp1354+0846,False
1.512371548152281e+18,Sp1354+5044,False
6.293977605365279e+18,Sp1356-1812,True
1.502523188143833e+18,Sp1356+4342,False
3.721866964764374e+18,Sp1357+0830,False
6.301981294100423e+18,Sp1357-1438,True
6.288041239007718e+18,Sp1357-2134,True
5.872178694156654e+18,Sp1359-5636,True
6.111126966247119e+18,Sp1359-4034,False
1.5095607841165297e+18,Sp1400+4739,True
3.61260495096382e+18,Sp1401-1220,True
1.498830684500224e+18,Sp1401+4211,False
3.643510371689816e+18,Sp1402-0630,False
1.4541044369717793e+18,Sp1403+3007,False
1.7257594047525806e+18,Sp1405+8350,False
1.4543507619362112e+18,Sp1406+3131,False
5.846206202262356e+18,Sp1406-6957,False
6.097182474447385e+18,Sp1407-4436,False
5.896887400457626e+18,Sp1408-5307,False
6.123776156029126e+18,Sp1409-3357,False
3.6472426982702643e+18,Sp1409-0153,False
6.090711887180679e+18,Sp1410-5001,True
1.5046061098434655e+18,Sp1410+4354,False
1.4855485840355548e+18,Sp1411+3936,False
6.109949904687425e+18,Sp1411-4132,True
3.65987838897531e+18,Sp1412-0035,False
1.25411052178473e+18,Sp1412+2354,False
1.2330083209613673e+18,Sp1412+1633,False
3.644153375538653e+18,Sp1413-0457,False
1.5060819937488845e+18,Sp1415+4636,False
1.2271336990537344e+18,Sp1416+1348,False
6.119607155827788e+18,Sp1418-3538,False
1.4777623237246464e+18,Sp1419+3137,False
6.297076922485674e+18,Sp1421-1618,True
6.221035209409437e+18,Sp1421-2935,True
1.2396255598945638e+18,Sp1421+1827,True
1.1758074998367421e+18,Sp1422+0827,False
1.6049018769017032e+18,Sp1423+5146,False
6.329653390432226e+18,Sp1423-0806,False
1.2285550239915013e+18,Sp1423+1426,True
6.119528334597735e+18,Sp1424-3514,True
1.699999015544763e+18,Sp1425+7422,False
6.118581861234228e+18,Sp1425-3650,True
1.2560715050675607e+18,Sp1425+2540,False
1.6183304486343583e+18,Sp1427+6056,False
1.2277051358630769e+18,Sp1428+1356,False
6.331354197480726e+18,Sp1428-0644,False
1.6119970941538232e+18,Sp1428+5923,False
1.2873121007516436e+18,Sp1428+3310,False
1.5070263067347753e+18,Sp1429+4650,True
5.853498713160607e+18,Sp1429-6240,False
1.6180103232470267e+18,Sp1430+5943,False
6.219675839377104e+18,Sp1430-3114,True
6.28309250896885e+18,Sp1431-2029,False
1.2550344594441687e+18,Sp1433+2432,False
6.278314581192029e+18,Sp1434-2335,True
6.278316333538492e+18,Sp1435-2333,False
1.281203935697174e+18,Sp1436+2900,False
5.891504088488622e+18,Sp1436-5721,True
1.6686647852834458e+18,Sp1438+6408,True
1.237730036207891e+18,Sp1439+1929,False
3.655776282891554e+18,Sp1443+0316,True
1.2826326823379128e+18,Sp1444+3002,False
6.281432379554903e+18,Sp1444-2019,True
1.6687656010516052e+18,Sp1445+6447,False
3.651567970855417e+18,Sp1446+0024,False
6.102215012181316e+18,Sp1446-3952,False
6.217317833616075e+18,Sp1447-3158,True
1.606005198164603e+18,Sp1447+5335,False
1.593484616879083e+18,Sp1450+5112,False
1.4884844862398257e+18,Sp1450+3920,False
6.201617735278202e+18,Sp1451-3732,False
1.1850873436154015e+18,Sp1453+1346,False
1.1853295454111552e+18,Sp1453+1420,False
1.2959319970309304e+18,Sp1453+3733,False
5.848753805085989e+18,Sp1454-6604,True
1.2689049017071626e+18,Sp1455+2619,False
6.225165597853415e+18,Sp1456-2747,False
6.224387727748521e+18,Sp1456-2809,True
6.225946418615758e+18,Sp1456-2631,False
1.5866493267541814e+18,Sp1457+4517,False
1.6128018335874982e+18,Sp1457+5639,False
1.2697896649703204e+18,Sp1458+2839,True
1.1600107089068972e+18,Sp1459+0604,False
1.212968725113381e+18,Sp1500+1927,False
1.5852841499193871e+18,Sp1500+4219,False
1.2627636482309734e+18,Sp1501+2250,True
6.197193330555411e+18,Sp1501-4003,True
6.227871564690337e+18,Sp1504-2355,True
1.6951916371754166e+18,Sp1506+7029,False
6.306068659857136e+18,Sp1507-1627,True
6.201178377303388e+18,Sp1508-3445,True
6.25682009094165e+18,Sp1509-1932,False
6.212470288706199e+18,Sp1509-2853,True
6.336552379219938e+18,Sp1510-0241,True
6.318569385511199e+18,Sp1510-1147,False
1.2920505835447473e+18,Sp1510+3619,False
6.318796297223965e+18,Sp1512-1032,False
1.2904989965444352e+18,Sp1512+3403,False
6.228195954979708e+18,Sp1513-2243,False
1.2635211430231414e+18,Sp1514+2341,False
6.228177916116904e+18,Sp1514-2254,False
1.589250088360934e+18,Sp1515+4847,False
4.418691662982245e+18,Sp1515-0030,False
6.228107066335759e+18,Sp1516-2315,False
1.1674220400476242e+18,Sp1516+0942,False
5.889892371901471e+18,Sp1517-5128,False
6.206348792079095e+18,Sp1519-3407,True
6.199925071490966e+18,Sp1520-3559,True
1.595520568815312e+18,Sp1521+5053,False
6.2511048295012e+18,Sp1523-2347,False
1.272178319624019e+18,Sp1524+2925,True
1.6163821870448415e+18,Sp1524+6132,False
1.2718644777737907e+18,Sp1524+2812,False
5.889783146637608e+18,Sp1525-5110,False
1.2139169508128722e+18,Sp1526+2043,False
6.317869099684481e+18,Sp1527-0918,False
6.209827101411961e+18,Sp1529-2907,False
5.888509602928271e+18,Sp1530-5342,True
1.165479168642901e+18,Sp1530+0926,True
1.2076836089435238e+18,Sp1531+1641,False
5.986422934440316e+18,Sp1534-4914,True
1.1934657940183337e+18,Sp1534+1219,False
6.265453524968112e+18,Sp1534-1418,True
1.2731690139602022e+18,Sp1536+2959,False
6.002992162332714e+18,Sp1537-3954,True
4.40063892329941e+18,Sp1539-0520,False
1.6977663884652928e+18,Sp1539+7437,False
1.3972627481282488e+18,Sp1540+4347,False
6.234648404610591e+18,Sp1540-2613,True
5.985290231327158e+18,Sp1540-5101,True
1.3707901116097981e+18,Sp1544+3301,False
1.596590634148307e+18,Sp1545+5214,False
5.825416498972481e+18,Sp1545-6608,False
1.396608607429591e+18,Sp1545+4350,False
6.240176160661915e+18,Sp1545-2255,False
5.884382654716111e+18,Sp1546-5534,True
6.266980643532993e+18,Sp1547-1317,False
6.236753694496012e+18,Sp1547-2423,False
6.260966349293261e+18,Sp1548-1636,False
6.008386881753303e+18,Sp1549-3954,False
4.4298743877308206e+18,Sp1550+0616,True
1.6411891579361208e+18,Sp1551+6457,False
1.5975337015903334e+18,Sp1551+5442,False
6.235533167875991e+18,Sp1552-2623,True
1.1924738970938214e+18,Sp1553+1400,True
1.196423583379532e+18,Sp1554+1639,False
4.34652353796627e+18,Sp1555-0956,True
4.4557716661347287e+18,Sp1555+0954,False
1.2025782371542203e+18,Sp1557+1752,False
1.6260568585760358e+18,Sp1557+5914,False
6.237185523394595e+18,Sp1559-2254,False
6.243406392685699e+18,Sp1559-2226,False
5.985229174021531e+18,Sp1600-4543,False
1.2033758297601787e+18,Sp1600+1946,True
6.036456382825239e+18,Sp1600-3205,False
6.011124768801218e+18,Sp1601-3455,True
6.0427579588374e+18,Sp1602-2803,False
4.4124173041758367e+18,Sp1602+0131,True
6.011095425583819e+18,Sp1602-3455,False
1.627957673662594e+18,Sp1602+6242,False
6.036120928708232e+18,Sp1604-3303,True
4.454769083328937e+18,Sp1604+0908,False
1.2032267084938744e+18,Sp1605+1931,False
1.3802930918236467e+18,Sp1606+4054,False
4.4045213332217836e+18,Sp1607-0442,True
6.250888706747904e+18,Sp1607-1512,True
4.356483979439228e+18,Sp1608-0443,False
1.2047540332234988e+18,Sp1608+1957,False
1.303076623589332e+18,Sp1609+2457,False
4.349305645979266e+18,Sp1610-0631,True
4.405150047715392e+18,Sp1614-0250,True
4.438043930922131e+18,Sp1615+0546,True
1.3299422624991647e+18,Sp1615+3558,False
5.932980278427781e+18,Sp1616-5331,True
4.408577118080317e+18,Sp1619+0050,False
4.3567092075223665e+18,Sp1620-0416,False
6.021535941318935e+18,Sp1621-3711,True
4.3568186432907423e+18,Sp1621-0356,False
5.806529569245e+18,Sp1621-7151,False
1.4233123432539592e+18,Sp1622+4934,False
4.3246004443338414e+18,Sp1623-1758,False
4.3556692069620204e+18,Sp1623-0508,False
4.3246236715177057e+18,Sp1625-1742,False
4.352067894065552e+18,Sp1626-0639,True
1.298201217231698e+18,Sp1626+2113,False
1.3025703672039567e+18,Sp1626+2512,False
1.7103801232982554e+18,Sp1627+8105,False
6.04914766758203e+18,Sp1627-2425,False
4.440061500403601e+18,Sp1628+0737,True
6.052334155364647e+18,Sp1630-2120,False
1.3245980175138988e+18,Sp1631+3227,True
1.3277192862103293e+18,Sp1632+3505,False
4.3523073814419476e+18,Sp1632-0631,True
5.781043783061254e+18,Sp1633-7553,False
5.809399363316632e+18,Sp1633-6808_1,True
5.809399363316631e+18,Sp1633-6808_2,True
1.327654969076731e+18,Sp1637+3535,True
4.3836011659955743e+18,Sp1637+0037,False
6.020852487465765e+18,Sp1639-3444,False
6.020836411412868e+18,Sp1640-3451,False
6.019305478910026e+18,Sp1642-3654,False
1.3114547260972585e+18,Sp1645+3004,False
4.3275800521301217e+18,Sp1645-1319,True
4.3821871253226373e+18,Sp1645-0112,True
1.4123773178633754e+18,Sp1646+5019,False
1.3115525182070866e+18,Sp1646+3016,False
1.326893351115617e+18,Sp1646+3434,True
1.356259176389722e+18,Sp1647+4117,False
4.3827781815410217e+18,Sp1648-0012,False
6.031367499416648e+18,Sp1648-2913,False
1.3080392306651622e+18,Sp1649+2822,False
4.4345785795089915e+18,Sp1649+0444,True
5.914718073148075e+18,Sp1650-6026,False
1.630800834638975e+18,Sp1653+6231,False
5.970493789759784e+18,Sp1654-3818,True
1.3513589923664492e+18,Sp1654+3747,False
4.3394173943133204e+18,Sp1655-0823,True
4.140281437496569e+18,Sp1656-1422,False
4.127182375667696e+18,Sp1656-2046,True
4.3361674398032666e+18,Sp1657-0940,False
4.447496977846073e+18,Sp1657+1054,False
1.6494072858000742e+18,Sp1658+7027,False
1.4126576976226255e+18,Sp1658+5103,False
1.338857785678267e+18,Sp1659+3515,False
4.1328423136215695e+18,Sp1700-1654,True
4.1260806993714e+18,Sp1700-2207,True
4.127833836291917e+18,Sp1701-2115,True
5.917512039595796e+18,Sp1702-5542,True
4.336441463013267e+18,Sp1705-0909,True
5.923656557253384e+18,Sp1705-5441,True
4.364462551205872e+18,Sp1705-0516,True
4.1406964730699433e+18,Sp1706-1314,False
1.6321135183789942e+18,Sp1707+6439,False
4.364185165038935e+18,Sp1707-0558,True
1.3551385678819154e+18,Sp1707+4301,False
5.965263692134717e+18,Sp1708-4302,True
5.804349993596183e+18,Sp1709-7226,True
4.575010197472244e+18,Sp1710+2758,True
1.3419031966624243e+18,Sp1711+4028,False
4.366633811793953e+18,Sp1712-0323,True
4.1085594318675133e+18,Sp1712-2742,False
5.972124644679706e+18,Sp1713-3952,True
4.5409603839442575e+18,Sp1713+1211,False
4.3938075544804567e+18,Sp1714+0648,True
1.333085869323204e+18,Sp1714+3019,True
4.1364453144520755e+18,Sp1715-1515,False
1.6337527141217393e+18,Sp1717+6526,False
5.767514322541613e+18,Sp1717-8449,False
1.4377164609727954e+18,Sp1717+6112,False
1.6374468369683702e+18,Sp1718+6802,False
5.959737748540751e+18,Sp1718-4131,True
5.951165857153491e+18,Sp1718-4637,True
5.950974851364748e+18,Sp1719-4736,True
1.3613834846911777e+18,Sp1720+4446,False
4.1148450993055145e+18,Sp1721-2149,False
1.3374001124326543e+18,Sp1723+3724,False
4.3634589333117947e+18,Sp1726-0415,False
4.059973524888356e+18,Sp1726-2737,True
4.373221192113293e+18,Sp1727-0111,False
4.490357663379552e+18,Sp1728+0839,False
1.6560012331249613e+18,Sp1728+7518,False
1.4390142282922045e+18,Sp1729+6131,False
1.3433011226194043e+18,Sp1729+3805,False
4.5498457435683174e+18,Sp1731+1619,False
4.595127343251509e+18,Sp1731+2721,True
4.5989747749546015e+18,Sp1732+3004,False
4.5948089659140613e+18,Sp1733+2615,False
4.6008373820107817e+18,Sp1733+3144,False
4.1243975532546857e+18,Sp1733-1654,True
4.168368844280869e+18,Sp1734-0849,True
4.061368702058503e+18,Sp1734-2711,False
4.1627036063266514e+18,Sp1734-1151,True
4.0612649355831e+18,Sp1735-2745,True
4.373813863241767e+18,Sp1735+0012,True
5.949102000769522e+18,Sp1735-4611,False
4.0535591114711245e+18,Sp1736-3425,True
1.363482108789712e+18,Sp1737+4705,False
4.581695915363429e+18,Sp1739+2454,False
1.421042126620559e+18,Sp1739+5532,True
4.4893069425809475e+18,Sp1741+0940,True
1.7244955161354e+18,Sp1743+8526,False
1.4229316674174802e+18,Sp1743+5844,False
4.5560146566440515e+18,Sp1743+2127,False
4.552028750887461e+18,Sp1743+1832,False
5.918136424731578e+18,Sp1744-5834,True
4.12387490729737e+18,Sp1745-1640,True
4.6092728695788375e+18,Sp1746+3731,False
1.3673159683973156e+18,Sp1746+5034,False
4.1752262577903416e+18,Sp1746-0551,True
4.596327150956344e+18,Sp1746+2903,False
4.0555794640645586e+18,Sp1746-3214,True
4.580216762992082e+18,Sp1749+2241,True
1.34949294933636e+18,Sp1750+4424,False
4.6081611258856745e+18,Sp1751+3610,False
5.954761466289689e+18,Sp1752-4446,False
5.800843032535485e+18,Sp1752-7642,False
4.0564025817083996e+18,Sp1752-2949,False
4.0686441017537285e+18,Sp1753-2312,True
5.908794218026022e+18,Sp1753-6559,False
1.4399192638005888e+18,Sp1754+6408,False
4.178755415232881e+18,Sp1755-0126,True
1.421971866781082e+18,Sp1755+5824,True
4.063613694285106e+18,Sp1756-2707,True
4.0563263030846356e+18,Sp1756-2933,False
5.954533970473099e+18,Sp1756-4518,True
4.07105852622298e+18,Sp1756-2042,False
1.6381804130869798e+18,Sp1757+7042,False
4.150469344775405e+18,Sp1757-1253,True
4.4958729167807713e+18,Sp1757+1142,False
5.956044179742204e+18,Sp1757-4419,True
4.603189168664878e+18,Sp1758+3157,True
4.0627456642142643e+18,Sp1758-2804,True
4.0623479503438167e+18,Sp1758-2904,True
4.469266762617305e+18,Sp1759+0235,False
4.1451325558908385e+18,Sp1800-1559,True
4.0624906121140787e+18,Sp1801-2825,True
2.2675170231671237e+18,Sp1801+7442,False
4.1470959400151767e+18,Sp1802-1412,False
4.0501468418077614e+18,Sp1803-3031,True
4.1451941972007583e+18,Sp1803-1550,True
4.0438524812040494e+18,Sp1804-3129,True
4.14438375405723e+18,Sp1804-1616,True
4.043052483364954e+18,Sp1804-3200,False
4.062844895337939e+18,Sp1805-2758,True
4.147112604476418e+18,Sp1805-1422,True
4.590356940256629e+18,Sp1806+2923,False
4.171383636445972e+18,Sp1807-0625,True
2.123161836615551e+18,Sp1807+5015,True
4.065787531853994e+18,Sp1807-2459,False
4.606224817186879e+18,Sp1808+3523,False
4.0629639216124027e+18,Sp1808-2739,False
4.578202973087023e+18,Sp1809+2259,True
4.471578760691485e+18,Sp1812+0531,False
4.579668141049191e+18,Sp1812+2536,True
4.064752861379891e+18,Sp1813-2542,True
6.720229263835769e+18,Sp1814-4522,False
4.0940324437070536e+18,Sp1814-2025,True
4.145765496561285e+18,Sp1814-1536,True
4.0904799216789985e+18,Sp1815-2237,False
4.482174616812464e+18,Sp1817+1017,False
6.726429375571879e+18,Sp1819-4032,True
2.109889524381399e+18,Sp1819+4101,False
2.2575785074999014e+18,Sp1819+6600,False
6.647979736302964e+18,Sp1819-5754,True
4.485574134969389e+18,Sp1821+1414,True
6.634463852178516e+18,Sp1821-6101,True
2.1094072553913436e+18,Sp1822+3921,False
2.1098059657916698e+18,Sp1822+4032,False
4.0442749383354813e+18,Sp1824-3503,False
6.734417258848247e+18,Sp1824-3519,True
4.1610347581789e+18,Sp1824-0536,True
2.2670657810194642e+18,Sp1824+7316,False
4.2573309829186964e+18,Sp1824-0500,False
2.1242140348820554e+18,Sp1825+5122,True
4.09315795409131e+18,Sp1825-1853,False
4.152906889008241e+18,Sp1827-1251,False
4.104121283206947e+18,Sp1829-1439,True
4.5371924263184456e+18,Sp1829+2600,False
4.2769485381205243e+18,Sp1829+0215,True
4.4776288921585807e+18,Sp1829+0757,False
6.437777371042569e+18,Sp1831-6435,True
4.535152454295544e+18,Sp1833+2225,True
6.735003195456641e+18,Sp1834-3353,True
2.091177593123254e+18,Sp1835+3259,True
4.283847080223677e+18,Sp1835+0440,False
6.733860940302405e+18,Sp1836-3507,True
6.704941688521962e+18,Sp1837-4755,True
4.5100495043240013e+18,Sp1837+1558,True
2.117179153330391e+18,Sp1839+4424,False
4.5876149300589793e+18,Sp1839+2952,True
6.709964635600549e+18,Sp1841-4347,True
4.535850438020393e+18,Sp1841+2421,True
4.2723954561541315e+18,Sp1842-0014,True
6.655006165359227e+18,Sp1842-5114,True
6.729658843064176e+18,Sp1842-3905,True
2.2587306582472556e+18,Sp1842+6751,False
2.0985143249760714e+18,Sp1843+4040,True
4.5379033937284106e+18,Sp1843+2651,True
4.258673624065017e+18,Sp1843-0255,False
4.5041206284124227e+18,Sp1843+1132,False
6.43912509742526e+18,Sp1845-6357,True
2.098118397710725e+18,Sp1845+3853,True
4.2861134829227643e+18,Sp1845+0711,True
6.736068072442493e+18,Sp1846-3250,True
6.735308241178656e+18,Sp1847-3419,True
6.431977687725247e+18,Sp1848-6855,True
6.359521108406069e+18,Sp1848-8214,False
4.075135240434831e+18,Sp1849-2359,True
2.1561409663342602e+18,Sp1851+5935,False
4.5380026289535155e+18,Sp1851+2641,True
4.258755778197107e+18,Sp1852-0305,True
2.146205160793279e+18,Sp1852+5257,False
6.637022759333089e+18,Sp1852-5708,True
6.716645027732064e+18,Sp1853-4107,True
2.3027312882284672e+18,Sp1854+8429,False
6.637017330494492e+18,Sp1854-5704,True
6.42138904715538e+18,Sp1855-6914,True
4.203875751318124e+18,Sp1856-0822,True
2.2535145750860017e+18,Sp1856+6356,False
4.3136831185295135e+18,Sp1857+1200,False
4.0744757739582536e+18,Sp1858-2420,True
4.3136308573476956e+18,Sp1859+1146,False
6.414193190226793e+18,Sp1859-7435,False
2.0926025945504376e+18,Sp1903+3521,False
2.044451578761514e+18,Sp1903+3422,True
4.533661241650219e+18,Sp1903+2437,False
6.712572780258551e+18,Sp1904-4229,True
4.5145793548186644e+18,Sp1905+1740,True
6.662824483302683e+18,Sp1905-4644,False
4.2063201717557043e+18,Sp1906-0515,True
6.633500847494139e+18,Sp1906-5828,True
2.1006937975398088e+18,Sp1906+4011,True
4.269411798275965e+18,Sp1907+0443,True
4.521094957614129e+18,Sp1908+2238,False
4.083994314834201e+18,Sp1909-1937,False
4.513456993929207e+18,Sp1909+1629,False
2.1413644234109e+18,Sp1910+5634,False
4.513558149034187e+18,Sp1910+1702,False
4.3205938927190385e+18,Sp1910+1504,True
4.2610877049303455e+18,Sp1913-0241,False
2.2611918806648817e+18,Sp1914+6808,False
6.758993680146597e+18,Sp1914-3008,False
4.264640944245035e+18,Sp1916+0051,True
4.2933157651654897e+18,Sp1916+0509,True
6.758930664392304e+18,Sp1917-3019,True
6.75788853352508e+18,Sp1919-3115,False
2.0229918262052782e+18,Sp1921+2425,False
6.759481141756109e+18,Sp1921-2915,True
4.3083842627764096e+18,Sp1923+0917,True
6.745394611098655e+18,Sp1923-3308,True
2.2893042970453796e+18,Sp1924+7533,False
6.646473096129767e+18,Sp1924-5154,False
4.515902067279357e+18,Sp1924+2004,False
2.0226797710550175e+18,Sp1924+2322,False
4.295524821431807e+18,Sp1925+0700,False
4.3084887807720305e+18,Sp1925+0938,True
6.665111226973054e+18,Sp1926-4310,True
2.0246759000646764e+18,Sp1927+2537,False
6.659099681507717e+18,Sp1927-4833,False
2.0197008461622927e+18,Sp1928+2339,False
6.660561821519001e+18,Sp1928-4700,False
4.3164555027197373e+18,Sp1928+1301,False
2.046643455185396e+18,Sp1928+3403,False
6.664912936922642e+18,Sp1928-4356,False
4.2086095224569943e+18,Sp1929-0458,False
4.3148786312986204e+18,Sp1929+1101,True
4.181467253288481e+18,Sp1930-1521,False
4.314593308028864e+18,Sp1933+1022,True
4.206618517355209e+18,Sp1933-0810,True
2.0184744826929403e+18,Sp1933+2150,True
1.8254815360243446e+18,Sp1933+1944,True
4.209956497214985e+18,Sp1936-0455,False
4.183182182189785e+18,Sp1937-1359,False
2.0779886762756173e+18,Sp1938+4321,True
6.688348821108279e+18,Sp1939-4239,False
6.448329418495401e+18,Sp1939-5750,True
4.316785012653747e+18,Sp1940+1237,True
6.427046481153632e+18,Sp1941-6733,False
6.689574432978157e+18,Sp1942-4115,True
1.824873403019777e+18,Sp1942+1913,False
6.442331445127208e+18,Sp1943-6125,False
1.8249379262714301e+18,Sp1944+1957,False
4.241358824189863e+18,Sp1944+0147,True
6.671044947630014e+18,Sp1945-4904,False
6.76684872865438e+18,Sp1945-2557,True
2.1379039510845276e+18,Sp1945+5428,True
1.8246075960922179e+18,Sp1946+1856,False
4.1899043256972165e+18,Sp1946-1145,False
1.8208346562711089e+18,Sp1949+1713,False
2.0206769719707546e+18,Sp1949+2445,True
2.0206242984938063e+18,Sp1950+2436,False
2.0352962847320545e+18,Sp1953+3414,False
2.07907392861282e+18,Sp1953+4424_1,True
2.0790739286128218e+18,Sp1953+4424_2,True
2.0869769089494136e+18,Sp1954+4923,False
1.8213157956633313e+18,Sp1954+1801,True
4.3034368727335946e+18,Sp1955+1052,False
6.422419873664622e+18,Sp1955-7126,False
4.188546733786021e+18,Sp1955-1316,True
6.870499758522735e+18,Sp1956-1754,False
1.807406114600208e+18,Sp1956+1426,False
4.237289050615532e+18,Sp1956+0052,True
1.8342016596361723e+18,Sp1957+2408,False
1.8270428038360748e+18,Sp1959+2223,False
2.0308610996810102e+18,Sp2000+3057,True
4.2491088006191483e+18,Sp2001+0647,True
6.473160651658069e+18,Sp2002-5425,True
4.2203796612831667e+18,Sp2002-0521,False
6.673620106941391e+18,Sp2002-4433,False
6.87794410508025e+18,Sp2004-1416,True
4.1924309690573947e+18,Sp2006-0852,False
4.250327781042868e+18,Sp2010+0634,True
1.8087139793651912e+18,Sp2012+1627,False
1.8032254277749996e+18,Sp2012+1246,True
6.468714845110882e+18,Sp2015-5645,True
1.8091692501992812e+18,Sp2016+1719,True
6.881163470829624e+18,Sp2016-1045,True
4.2303175627725885e+18,Sp2018-0007,False
4.2162811286127683e+18,Sp2018-0701,False
2.0574625465214285e+18,Sp2020+3603,False
1.8292700063852293e+18,Sp2021+2216,True
6.69294803959189e+18,Sp2022-3944,False
6.679235106666265e+18,Sp2023-4305,False
6.905837821722156e+18,Sp2025-0835,True
6.797628972554532e+18,Sp2026-2943,False
4.2452007583238774e+18,Sp2026+0439,False
1.832633481176364e+18,Sp2027+2555,True
4.2297975968504044e+18,Sp2028-0010,False
2.1882222030843172e+18,Sp2029+5750,True
1.7537781521920184e+18,Sp2031+1052,False
2.0681383921125975e+18,Sp2032+4155,False
6.422888673638503e+18,Sp2032-6918,False
1.8625988151661123e+18,Sp2033+3119,True
1.8575253893283428e+18,Sp2033+2823,True
1.7494737746192517e+18,Sp2034+0827,False
2.071546500199093e+18,Sp2034+4708,False
6.793513225656483e+18,Sp2035-3110,True
6.676151865606519e+18,Sp2035-4349,False
6.906393659206978e+18,Sp2036-0847,False
6.901234269614406e+18,Sp2037-1137,True
6.47450888913639e+18,Sp2038-5223,False
6.68130898745879e+18,Sp2038-4020,False
6.798222846275675e+18,Sp2039-2926,True
6.906460145302608e+18,Sp2042-0821,False
6.914281796143286e+18,Sp2042-0500,True
1.8629273973420099e+18,Sp2042+3225,True
1.7625239812109778e+18,Sp2044+1517,True
1.762216079299019e+18,Sp2047+1421,True
6.903805924230742e+18,Sp2047-0808,False
1.859954695858413e+18,Sp2049+3216,True
6.857273939310123e+18,Sp2049-1944,True
1.86905486825685e+18,Sp2049+3336,True
6.858958940879829e+18,Sp2049-1716,True
6.806826799639248e+18,Sp2052-2318,True
6.481588305207221e+18,Sp2052-4758,True
2.2718951453270436e+18,Sp2052+7104,False
1.7349458244032064e+18,Sp2052+0510,False
6.449565647523846e+18,Sp2052-6431,False
6.470408677133172e+18,Sp2053-5409,True
1.8661118235277245e+18,Sp2053+3319,False
1.7310170288387994e+18,Sp2053+0303,False
6.915795853718553e+18,Sp2057-0252,True
6.781861563497231e+18,Sp2100-3236,False
1.7311375284399176e+18,Sp2101+0307,True
6.890153425787729e+18,Sp2104-1037,False
1.852656275102502e+18,Sp2104+3100,False
1.7371415104683328e+18,Sp2104+0722,True
2.1655324105612739e+18,Sp2105+4816,False
6.58142196814318e+18,Sp2106-4044,False
6.882305283587467e+18,Sp2106-1650,False
6.777760556924773e+18,Sp2107-3357,True
6.915878523250506e+18,Sp2107-0307,False
6.483544920505696e+18,Sp2107-4544,False
6.463046862668321e+18,Sp2110-5540,False
2.300600129751e+18,Sp2112+8427,False
1.7918102636897915e+18,Sp2116+2238,True
1.7318271283892116e+18,Sp2116+0341,False
1.8673143456512788e+18,Sp2117+3428,False
6.576611428676005e+18,Sp2118-4505,True
1.745247522506428e+18,Sp2120+1021,False
6.580532321501147e+18,Sp2120-4130,False
6.78426258765403e+18,Sp2126-3143,False
6.348511080000131e+18,Sp2126-8140,False
1.798588409277194e+18,Sp2126+2531,True
2.1778774522385592e+18,Sp2127+5553,True
6.578760870830186e+18,Sp2127-4215,False
1.7843145106696115e+18,Sp2127+1652,False
6.89473766342586e+18,Sp2130-0845,False
,Sp2132+1341,False
1.7972685486468127e+18,Sp2133+2321,False
1.9538078058009354e+18,Sp2134+3838,False
1.7974188682078198e+18,Sp2134+2404,True
6.784738092073343e+18,Sp2135-3153,True
6.785142708057042e+18,Sp2135-3040,False
1.770881266011698e+18,Sp2137+1450,False
2.671286009606029e+18,Sp2137-0527,True
6.400218225637413e+18,Sp2137-6723,False
2.1733676335014303e+18,Sp2138+5257,True
1.9539686050836572e+18,Sp2139+3934,False
2.6869760362418836e+18,Sp2140-0050,False
6.558741070485093e+18,Sp2141-5118,False
6.344897290222196e+18,Sp2143-8337,False
6.836547453635933e+18,Sp2144-1847,False
1.9525527820008893e+18,Sp2146+3719,True
2.6968682435703803e+18,Sp2148+0447,False
2.7005690923353477e+18,Sp2148+0639,False
6.410819544952557e+18,Sp2149-5805,False
6.398883620384263e+18,Sp2150-6610,False
1.795813379365971e+18,Sp2151+2328,True
6.844219059795207e+18,Sp2151-1141,True
6.572811211549713e+18,Sp2151-4017,True
1.897311977786e+18,Sp2153+2950,False
6.564780825295088e+18,Sp2156-4505,False
2.280379251923777e+18,Sp2157+7537,False
6.412958026349034e+18,Sp2157-5534,False
6.619520939396842e+18,Sp2157-2726,False
6.838931126125203e+18,Sp2158-1550,False
2.1994356110802166e+18,Sp2158+5836,True
2.1980749997910103e+18,Sp2200+5536,False
2.6767694458922854e+18,Sp2201-0145,False
1.9812745683535977e+18,Sp2202+5305,True
2.6140711009884605e+18,Sp2205-1104,True
6.820468852720899e+18,Sp2206-2047,False
6.568464361047484e+18,Sp2206-4217,False
6.574918563022096e+18,Sp2209-3707,False
6.569700349557517e+18,Sp2213-4245,False
6.508226723167166e+18,Sp2213-5451,False
6.405457982659104e+18,Sp2213-6342,False
2.6006249971982275e+18,Sp2214-1319,False
2.5991219690981914e+18,Sp2219-1440,False
2.730645996689893e+18,Sp2221+1158,False
2.2003493739521649e+18,Sp2222+5857,False
6.504700451938374e+18,Sp2222-5719,False
6.594527803147581e+18,Sp2224-3901,True
1.875075420267288e+18,Sp2224+2230,True
6.357834388848709e+18,Sp2226-7503,False
2.2020500435701504e+18,Sp2226+6139,False
2.6011481285101204e+18,Sp2228-1325,False
6.51845097871333e+18,Sp2229-4728,False
2.6228105348015995e+18,Sp2229-0650,False
6.600456850880784e+18,Sp2230-3358,False
2.717083928783442e+18,Sp2232+0909,True
1.9023884916936238e+18,Sp2233+3359,False
1.9042442611628887e+18,Sp2233+3547,True
6.621179380888631e+18,Sp2234-2720,False
1.8769720091057014e+18,Sp2234+2359,True
2.8339198597118495e+18,Sp2235+1840,True
2.705646366448978e+18,Sp2235+0418,False
1.9083051656246623e+18,Sp2237+3922,True
1.9822183959903882e+18,Sp2238+4353,False
6.544145019268698e+18,Sp2240-4253,False
1.9323769798503608e+18,Sp2240+4018,False
6.597767685957279e+18,Sp2241-3258,False
6.406967509044867e+18,Sp2241-6119,False
6.503514658710994e+18,Sp2241-5915,False
6.381623044470173e+18,Sp2241-7500,False
1.877650201620091e+18,Sp2242+2542,False
6.503296925345018e+18,Sp2243-5932,False
6.607432496244359e+18,Sp2244-3045,False
2.0074097192232937e+18,Sp2245+5750,False
2.8337790878630897e+18,Sp2247+1955,False
1.890433639202024e+18,Sp2249+3205,False
6.505528693430442e+18,Sp2250-5640,False
2.4031996141875425e+18,Sp2252-1730,False
6.515783804023663e+18,Sp2253-4801,False
6.609254898113164e+18,Sp2254-2840,False
6.493448634054106e+18,Sp2255-5713,False
2.225409442971141e+18,Sp2256+6854,False
2.6519943565419924e+18,Sp2256+0031,False
6.546160179266901e+18,Sp2257-4030,False
6.516332666486584e+18,Sp2257-4638,False
2.652433473998071e+18,Sp2258+0113,False
6.506200976072829e+18,Sp2259-5420,False
2.2858538921163901e+18,Sp2259+8013,False
2.832642880035528e+18,Sp2303+2100,False
2.635476908753563e+18,Sp2306-0502,True
6.502618938988111e+18,Sp2306-5008,False
2.379350519786259e+18,Sp2308-2722,False
2.4060574854262523e+18,Sp2310-1759,False
2.2150275105855007e+18,Sp2314+6939,False
2.6318573508352594e+18,Sp2315-0627,False
2.385628829965901e+18,Sp2316-2141,False
2.2078157064466934e+18,Sp2317+6423,False
2.637726956221339e+18,Sp2317-0236,False
2.233222229000888e+18,Sp2319+7645,False
2.408845056640573e+18,Sp2321-1326,False
2.328674716056982e+18,Sp2322-3133,False
6.492543937848408e+18,Sp2324-5817,False
1.925025168366254e+18,Sp2325+4251,False
2.3935638722392607e+18,Sp2327-1741,True
2.865724951533095e+18,Sp2329+2704,False
1.9384656285735747e+18,Sp2329+4626,True
6.500949571097598e+18,Sp2329-5408,False
2.407323744864329e+18,Sp2329-1607,False
6.526541563232944e+18,Sp2330-4736,False
2.6334262164891274e+18,Sp2331-0406,False
2.331849006126795e+18,Sp2331-2749,False
2.8203849360005407e+18,Sp2331+1552,False
2.2322018091945646e+18,Sp2333+7456,False
2.388493745334271e+18,Sp2333-2133,False
2.8245674825262643e+18,Sp2334+1933,True
2.6404340569281505e+18,Sp2335-0223,True
2.8214353819191567e+18,Sp2336+1835,False
2.827319663210149e+18,Sp2336+2153,False
2.437199090699581e+18,Sp2337-0933,False
1.9264929476678612e+18,Sp2337+4405,False
2.0167482494203986e+18,Sp2338+6352,False
6.525046188759706e+18,Sp2338-4726,False
2.38884226007192e+18,Sp2338-2029,False
2.8732202492847636e+18,Sp2339+3507,False
2.3277669274745416e+18,Sp2343-2906,False
2.4393772189388145e+18,Sp2344-0733,False
2.7700740369862006e+18,Sp2344+1312,False
2.2110362833803924e+18,Sp2345+6758,False
2.7606612553797064e+18,Sp2346+1129,True
2.8650290293919744e+18,Sp2347+2702,True
2.445535274328142e+18,Sp2347-0638,False
2.326246371612573e+18,Sp2348-3134,False
2.4201882370684006e+18,Sp2349-1344,False
2.7586185689340355e+18,Sp2350+0806,False
2.867496505282632e+18,Sp2351+3010,False
2.3898011372901074e+18,Sp2352-2009,False
2.435317585786754e+18,Sp2353-0833,False
2.3138361538057866e+18,Sp2354-3316,True
6.486001882317858e+18,Sp2354-6312,False
2.8671073425905234e+18,Sp2354+2849,False
2.390199568521775e+18,Sp2354-1852,False
2.307221350118693e+18,Sp2356-3827,False
2.882057337768813e+18,Sp2357+4011,False
1.9981099467887875e+18,Sp2357+5727,True
6.487483783474214e+18,Sp2358-6245,False
2.3329373164803036e+18,Sp2359-2932,False
2.8484087729703455e+18,Sp2359+2338,False
2.341766188692112e+18,Sp2359-2007,False
